,date,1920 Revolution Brigades,AQI,Abu Hafs al-Masri Brigades,Al Zawahiri Loyalists,Ansar al-Din,Ansar al-Islam,Ansar al-Jihad,Ansar al-Sunna,Armed Vanguards of a Second Mohammed Army,Badr Brigades,Brigades of Iman Hassan-al-Basri,Holders of the Black Banners,Imam Hussein Brigade,Islamic Army in Iraq (al-Jaish al-Islami fi al-Iraq),Islamic Jihad Brigades,Islamic Movement of Iraqi Mujahidin,Jaish al-Ta'ifa al-Mansura,Junaid Jihadist Battalion,Khalid ibn Walid Brigade,Liberals of Galilee,Mahdi Army,Mujahedeen Army,Mujahedeen Brigades,Mujahedeen Corps in Iraq,Mujahedeen Group,Mujahedeen Shura Council,Omar Bin Khattab Group,Protectors of Islam Brigade,Supreme Council for Islamic Revolution in Iraq (SCIRI),Takfir wal-Hijra (Excommunication and Exodus)
0,2001-01-01,,,,,,,,,,,,,,,,,,,,,,,,,,,,,,
1,2001-01-02,,,,,,,,,,,,,,,,,,,,,,,,,,,,,,
2,2001-01-03,,,,,,,,,,,,,,,,,,,,,,,,,,,,,,
3,2001-01-04,,,,,,,,,,,,,,,,,,,,,,,,,,,,,,
4,2001-01-05,,,,,,,,,,,,,,,,,,,,,,,,,,,,,,
5,2001-01-06,,,,,,,,,,,,,,,,,,,,,,,,,,,,,,
6,2001-01-07,,,,,,,,,,,,,,,,,,,,,,,,,,,,,,
7,2001-01-08,,,,,,,,,,,,,,,,,,,,,,,,,,,,,,
8,2001-01-09,,,,,,,,,,,,,,,,,,,,,,,,,,,,,,
9,2001-01-10,,,,,,,,,,,,,,,,,,,,,,,,,,,,,,
10,2001-01-11,,,,,,,,,,,,,,,,,,,,,,,,,,,,,,
11,2001-01-12,,,,,,,,,,,,,,,,,,,,,,,,,,,,,,
12,2001-01-13,,,,,,,,,,,,,,,,,,,,,,,,,,,,,,
13,2001-01-14,,,,,,,,,,,,,,,,,,,,,,,,,,,,,,
14,2001-01-15,,,,,,,,,,,,,,,,,,,,,,,,,,,,,,
15,2001-01-16,,,,,,,,,,,,,,,,,,,,,,,,,,,,,,
16,2001-01-17,,,,,,,,,,,,,,,,,,,,,,,,,,,,,,
17,2001-01-18,,,,,,,,,,,,,,,,,,,,,,,,,,,,,,
18,2001-01-19,,,,,,,,,,,,,,,,,,,,,,,,,,,,,,
19,2001-01-20,,,,,,,,,,,,,,,,,,,,,,,,,,,,,,
20,2001-01-21,,,,,,,,,,,,,,,,,,,,,,,,,,,,,,
21,2001-01-22,,,,,,,,,,,,,,,,,,,,,,,,,,,,,,
22,2001-01-23,,,,,,,,,,,,,,,,,,,,,,,,,,,,,,
23,2001-01-24,,,,,,,,,,,,,,,,,,,,,,,,,,,,,,
24,2001-01-25,,,,,,,,,,,,,,,,,,,,,,,,,,,,,,
25,2001-01-26,,,,,,,,,,,,,,,,,,,,,,,,,,,,,,
26,2001-01-27,,,,,,,,,,,,,,,,,,,,,,,,,,,,,,
27,2001-01-28,,,,,,,,,,,,,,,,,,,,,,,,,,,,,,
28,2001-01-29,,,,,,,,,,,,,,,,,,,,,,,,,,,,,,
29,2001-01-30,,,,,,,,,,,,,,,,,,,,,,,,,,,,,,
30,2001-01-31,,,,,,,,,,,,,,,,,,,,,,,,,,,,,,
31,2001-02-01,,,,,,,,,,,,,,,,,,,,,,,,,,,,,,
32,2001-02-02,,,,,,,,,,,,,,,,,,,,,,,,,,,,,,
33,2001-02-03,,,,,,,,,,,,,,,,,,,,,,,,,,,,,,
34,2001-02-04,,,,,,,,,,,,,,,,,,,,,,,,,,,,,,
35,2001-02-05,,,,,,,,,,,,,,,,,,,,,,,,,,,,,,
36,2001-02-06,,,,,,,,,,,,,,,,,,,,,,,,,,,,,,
37,2001-02-07,,,,,,,,,,,,,,,,,,,,,,,,,,,,,,
38,2001-02-08,,,,,,,,,,,,,,,,,,,,,,,,,,,,,,
39,2001-02-09,,,,,,,,,,,,,,,,,,,,,,,,,,,,,,
40,2001-02-10,,,,,,,,,,,,,,,,,,,,,,,,,,,,,,
41,2001-02-11,,,,,,,,,,,,,,,,,,,,,,,,,,,,,,
42,2001-02-12,,,,,,,,,,,,,,,,,,,,,,,,,,,,,,
43,2001-02-13,,,,,,,,,,,,,,,,,,,,,,,,,,,,,,
44,2001-02-14,,,,,,,,,,,,,,,,,,,,,,,,,,,,,,
45,2001-02-15,,,,,,,,,,,,,,,,,,,,,,,,,,,,,,
46,2001-02-16,,,,,,,,,,,,,,,,,,,,,,,,,,,,,,
47,2001-02-17,,,,,,,,,,,,,,,,,,,,,,,,,,,,,,
48,2001-02-18,,,,,,,,,,,,,,,,,,,,,,,,,,,,,,
49,2001-02-19,,,,,,,,,,,,,,,,,,,,,,,,,,,,,,
50,2001-02-20,,,,,,,,,,,,,,,,,,,,,,,,,,,,,,
51,2001-02-21,,,,,,,,,,,,,,,,,,,,,,,,,,,,,,
52,2001-02-22,,,,,,,,,,,,,,,,,,,,,,,,,,,,,,
53,2001-02-23,,,,,,,,,,,,,,,,,,,,,,,,,,,,,,
54,2001-02-24,,,,,,,,,,,,,,,,,,,,,,,,,,,,,,
55,2001-02-25,,,,,,,,,,,,,,,,,,,,,,,,,,,,,,
56,2001-02-26,,,,,,,,,,,,,,,,,,,,,,,,,,,,,,
57,2001-02-27,,,,,,,,,,,,,,,,,,,,,,,,,,,,,,
58,2001-02-28,,,,,,,,,,,,,,,,,,,,,,,,,,,,,,
59,2001-03-01,,,,,,,,,,,,,,,,,,,,,,,,,,,,,,
60,2001-03-02,,,,,,,,,,,,,,,,,,,,,,,,,,,,,,
61,2001-03-03,,,,,,,,,,,,,,,,,,,,,,,,,,,,,,
62,2001-03-04,,,,,,,,,,,,,,,,,,,,,,,,,,,,,,
63,2001-03-05,,,,,,,,,,,,,,,,,,,,,,,,,,,,,,
64,2001-03-06,,,,,,,,,,,,,,,,,,,,,,,,,,,,,,
65,2001-03-07,,,,,,,,,,,,,,,,,,,,,,,,,,,,,,
66,2001-03-08,,,,,,,,,,,,,,,,,,,,,,,,,,,,,,
67,2001-03-09,,,,,,,,,,,,,,,,,,,,,,,,,,,,,,
68,2001-03-10,,,,,,,,,,,,,,,,,,,,,,,,,,,,,,
69,2001-03-11,,,,,,,,,,,,,,,,,,,,,,,,,,,,,,
70,2001-03-12,,,,,,,,,,,,,,,,,,,,,,,,,,,,,,
71,2001-03-13,,,,,,,,,,,,,,,,,,,,,,,,,,,,,,
72,2001-03-14,,,,,,,,,,,,,,,,,,,,,,,,,,,,,,
73,2001-03-15,,,,,,,,,,,,,,,,,,,,,,,,,,,,,,
74,2001-03-16,,,,,,,,,,,,,,,,,,,,,,,,,,,,,,
75,2001-03-17,,,,,,,,,,,,,,,,,,,,,,,,,,,,,,
76,2001-03-18,,,,,,,,,,,,,,,,,,,,,,,,,,,,,,
77,2001-03-19,,,,,,,,,,,,,,,,,,,,,,,,,,,,,,
78,2001-03-20,,,,,,,,,,,,,,,,,,,,,,,,,,,,,,
79,2001-03-21,,,,,,,,,,,,,,,,,,,,,,,,,,,,,,
80,2001-03-22,,,,,,,,,,,,,,,,,,,,,,,,,,,,,,
81,2001-03-23,,,,,,,,,,,,,,,,,,,,,,,,,,,,,,
82,2001-03-24,,,,,,,,,,,,,,,,,,,,,,,,,,,,,,
83,2001-03-25,,,,,,,,,,,,,,,,,,,,,,,,,,,,,,
84,2001-03-26,,,,,,,,,,,,,,,,,,,,,,,,,,,,,,
85,2001-03-27,,,,,,,,,,,,,,,,,,,,,,,,,,,,,,
86,2001-03-28,,,,,,,,,,,,,,,,,,,,,,,,,,,,,,
87,2001-03-29,,,,,,,,,,,,,,,,,,,,,,,,,,,,,,
88,2001-03-30,,,,,,,,,,,,,,,,,,,,,,,,,,,,,,
89,2001-03-31,,,,,,,,,,,,,,,,,,,,,,,,,,,,,,
90,2001-04-01,,,,,,,,,,,,,,,,,,,,,,,,,,,,,,
91,2001-04-02,,,,,,,,,,,,,,,,,,,,,,,,,,,,,,
92,2001-04-03,,,,,,,,,,,,,,,,,,,,,,,,,,,,,,
93,2001-04-04,,,,,,,,,,,,,,,,,,,,,,,,,,,,,,
94,2001-04-05,,,,,,,,,,,,,,,,,,,,,,,,,,,,,,
95,2001-04-06,,,,,,,,,,,,,,,,,,,,,,,,,,,,,,
96,2001-04-07,,,,,,,,,,,,,,,,,,,,,,,,,,,,,,
97,2001-04-08,,,,,,,,,,,,,,,,,,,,,,,,,,,,,,
98,2001-04-09,,,,,,,,,,,,,,,,,,,,,,,,,,,,,,
99,2001-04-10,,,,,,,,,,,,,,,,,,,,,,,,,,,,,,
100,2001-04-11,,,,,,,,,,,,,,,,,,,,,,,,,,,,,,
101,2001-04-12,,,,,,,,,,,,,,,,,,,,,,,,,,,,,,
102,2001-04-13,,,,,,,,,,,,,,,,,,,,,,,,,,,,,,
103,2001-04-14,,,,,,,,,,,,,,,,,,,,,,,,,,,,,,
104,2001-04-15,,,,,,,,,,,,,,,,,,,,,,,,,,,,,,
105,2001-04-16,,,,,,,,,,,,,,,,,,,,,,,,,,,,,,
106,2001-04-17,,,,,,,,,,,,,,,,,,,,,,,,,,,,,,
107,2001-04-18,,,,,,,,,,,,,,,,,,,,,,,,,,,,,,
108,2001-04-19,,,,,,,,,,,,,,,,,,,,,,,,,,,,,,
109,2001-04-20,,,,,,,,,,,,,,,,,,,,,,,,,,,,,,
110,2001-04-21,,,,,,,,,,,,,,,,,,,,,,,,,,,,,,
111,2001-04-22,,,,,,,,,,,,,,,,,,,,,,,,,,,,,,
112,2001-04-23,,,,,,,,,,,,,,,,,,,,,,,,,,,,,,
113,2001-04-24,,,,,,,,,,,,,,,,,,,,,,,,,,,,,,
114,2001-04-25,,,,,,,,,,,,,,,,,,,,,,,,,,,,,,
115,2001-04-26,,,,,,,,,,,,,,,,,,,,,,,,,,,,,,
116,2001-04-27,,,,,,,,,,,,,,,,,,,,,,,,,,,,,,
117,2001-04-28,,,,,,,,,,,,,,,,,,,,,,,,,,,,,,
118,2001-04-29,,,,,,,,,,,,,,,,,,,,,,,,,,,,,,
119,2001-04-30,,,,,,,,,,,,,,,,,,,,,,,,,,,,,,
120,2001-05-01,,,,,,,,,,,,,,,,,,,,,,,,,,,,,,
121,2001-05-02,,,,,,,,,,,,,,,,,,,,,,,,,,,,,,
122,2001-05-03,,,,,,,,,,,,,,,,,,,,,,,,,,,,,,
123,2001-05-04,,,,,,,,,,,,,,,,,,,,,,,,,,,,,,
124,2001-05-05,,,,,,,,,,,,,,,,,,,,,,,,,,,,,,
125,2001-05-06,,,,,,,,,,,,,,,,,,,,,,,,,,,,,,
126,2001-05-07,,,,,,,,,,,,,,,,,,,,,,,,,,,,,,
127,2001-05-08,,,,,,,,,,,,,,,,,,,,,,,,,,,,,,
128,2001-05-09,,,,,,,,,,,,,,,,,,,,,,,,,,,,,,
129,2001-05-10,,,,,,,,,,,,,,,,,,,,,,,,,,,,,,
130,2001-05-11,,,,,,,,,,,,,,,,,,,,,,,,,,,,,,
131,2001-05-12,,,,,,,,,,,,,,,,,,,,,,,,,,,,,,
132,2001-05-13,,,,,,,,,,,,,,,,,,,,,,,,,,,,,,
133,2001-05-14,,,,,,,,,,,,,,,,,,,,,,,,,,,,,,
134,2001-05-15,,,,,,,,,,,,,,,,,,,,,,,,,,,,,,
135,2001-05-16,,,,,,,,,,,,,,,,,,,,,,,,,,,,,,
136,2001-05-17,,,,,,,,,,,,,,,,,,,,,,,,,,,,,,
137,2001-05-18,,,,,,,,,,,,,,,,,,,,,,,,,,,,,,
138,2001-05-19,,,,,,,,,,,,,,,,,,,,,,,,,,,,,,
139,2001-05-20,,,,,,,,,,,,,,,,,,,,,,,,,,,,,,
140,2001-05-21,,,,,,,,,,,,,,,,,,,,,,,,,,,,,,
141,2001-05-22,,,,,,,,,,,,,,,,,,,,,,,,,,,,,,
142,2001-05-23,,,,,,,,,,,,,,,,,,,,,,,,,,,,,,
143,2001-05-24,,,,,,,,,,,,,,,,,,,,,,,,,,,,,,
144,2001-05-25,,,,,,,,,,,,,,,,,,,,,,,,,,,,,,
145,2001-05-26,,,,,,,,,,,,,,,,,,,,,,,,,,,,,,
146,2001-05-27,,,,,,,,,,,,,,,,,,,,,,,,,,,,,,
147,2001-05-28,,,,,,,,,,,,,,,,,,,,,,,,,,,,,,
148,2001-05-29,,,,,,,,,,,,,,,,,,,,,,,,,,,,,,
149,2001-05-30,,,,,,,,,,,,,,,,,,,,,,,,,,,,,,
150,2001-05-31,,,,,,,,,,,,,,,,,,,,,,,,,,,,,,
151,2001-06-01,,,,,,,,,,,,,,,,,,,,,,,,,,,,,,
152,2001-06-02,,,,,,,,,,,,,,,,,,,,,,,,,,,,,,
153,2001-06-03,,,,,,,,,,,,,,,,,,,,,,,,,,,,,,
154,2001-06-04,,,,,,,,,,,,,,,,,,,,,,,,,,,,,,
155,2001-06-05,,,,,,,,,,,,,,,,,,,,,,,,,,,,,,
156,2001-06-06,,,,,,,,,,,,,,,,,,,,,,,,,,,,,,
157,2001-06-07,,,,,,,,,,,,,,,,,,,,,,,,,,,,,,
158,2001-06-08,,,,,,,,,,,,,,,,,,,,,,,,,,,,,,
159,2001-06-09,,,,,,,,,,,,,,,,,,,,,,,,,,,,,,
160,2001-06-10,,,,,,,,,,,,,,,,,,,,,,,,,,,,,,
161,2001-06-11,,,,,,,,,,,,,,,,,,,,,,,,,,,,,,
162,2001-06-12,,,,,,,,,,,,,,,,,,,,,,,,,,,,,,
163,2001-06-13,,,,,,,,,,,,,,,,,,,,,,,,,,,,,,
164,2001-06-14,,,,,,,,,,,,,,,,,,,,,,,,,,,,,,
165,2001-06-15,,,,,,,,,,,,,,,,,,,,,,,,,,,,,,
166,2001-06-16,,,,,,,,,,,,,,,,,,,,,,,,,,,,,,
167,2001-06-17,,,,,,,,,,,,,,,,,,,,,,,,,,,,,,
168,2001-06-18,,,,,,,,,,,,,,,,,,,,,,,,,,,,,,
169,2001-06-19,,,,,,,,,,,,,,,,,,,,,,,,,,,,,,
170,2001-06-20,,,,,,,,,,,,,,,,,,,,,,,,,,,,,,
171,2001-06-21,,,,,,,,,,,,,,,,,,,,,,,,,,,,,,
172,2001-06-22,,,,,,,,,,,,,,,,,,,,,,,,,,,,,,
173,2001-06-23,,,,,,,,,,,,,,,,,,,,,,,,,,,,,,
174,2001-06-24,,,,,,,,,,,,,,,,,,,,,,,,,,,,,,
175,2001-06-25,,,,,,,,,,,,,,,,,,,,,,,,,,,,,,
176,2001-06-26,,,,,,,,,,,,,,,,,,,,,,,,,,,,,,
177,2001-06-27,,,,,,,,,,,,,,,,,,,,,,,,,,,,,,
178,2001-06-28,,,,,,,,,,,,,,,,,,,,,,,,,,,,,,
179,2001-06-29,,,,,,,,,,,,,,,,,,,,,,,,,,,,,,
180,2001-06-30,,,,,,,,,,,,,,,,,,,,,,,,,,,,,,
181,2001-07-01,,,,,,,,,,,,,,,,,,,,,,,,,,,,,,
182,2001-07-02,,,,,,,,,,,,,,,,,,,,,,,,,,,,,,
183,2001-07-03,,,,,,,,,,,,,,,,,,,,,,,,,,,,,,
184,2001-07-04,,,,,,,,,,,,,,,,,,,,,,,,,,,,,,
185,2001-07-05,,,,,,,,,,,,,,,,,,,,,,,,,,,,,,
186,2001-07-06,,,,,,,,,,,,,,,,,,,,,,,,,,,,,,
187,2001-07-07,,,,,,,,,,,,,,,,,,,,,,,,,,,,,,
188,2001-07-08,,,,,,,,,,,,,,,,,,,,,,,,,,,,,,
189,2001-07-09,,,,,,,,,,,,,,,,,,,,,,,,,,,,,,
190,2001-07-10,,,,,,,,,,,,,,,,,,,,,,,,,,,,,,
191,2001-07-11,,,,,,,,,,,,,,,,,,,,,,,,,,,,,1.0,
192,2001-07-12,,,,,,,,,,,,,,,,,,,,,,,,,,,,,,
193,2001-07-13,,,,,,,,,,,,,,,,,,,,,,,,,,,,,,
194,2001-07-14,,,,,,,,,,,,,,,,,,,,,,,,,,,,,,
195,2001-07-15,,,,,,,,,,,,,,,,,,,,,,,,,,,,,,
196,2001-07-16,,,,,,,,,,,,,,,,,,,,,,,,,,,,,,
197,2001-07-17,,,,,,,,,,,,,,,,,,,,,,,,,,,,,,
198,2001-07-18,,,,,,,,,,,,,,,,,,,,,,,,,,,,,,
199,2001-07-19,,,,,,,,,,,,,,,,,,,,,,,,,,,,,,
200,2001-07-20,,,,,,,,,,,,,,,,,,,,,,,,,,,,,,
201,2001-07-21,,,,,,,,,,,,,,,,,,,,,,,,,,,,,,
202,2001-07-22,,,,,,,,,,,,,,,,,,,,,,,,,,,,,,
203,2001-07-23,,,,,,,,,,,,,,,,,,,,,,,,,,,,,,
204,2001-07-24,,,,,,,,,,,,,,,,,,,,,,,,,,,,,,
205,2001-07-25,,,,,,,,,,,,,,,,,,,,,,,,,,,,,,
206,2001-07-26,,,,,,,,,,,,,,,,,,,,,,,,,,,,,,
207,2001-07-27,,,,,,,,,,,,,,,,,,,,,,,,,,,,,,
208,2001-07-28,,,,,,,,,,,,,,,,,,,,,,,,,,,,,,
209,2001-07-29,,,,,,,,,,,,,,,,,,,,,,,,,,,,,,
210,2001-07-30,,,,,,,,,,,,,,,,,,,,,,,,,,,,,,
211,2001-07-31,,,,,,,,,,,,,,,,,,,,,,,,,,,,,,
212,2001-08-01,,,,,,,,,,,,,,,,,,,,,,,,,,,,,,
213,2001-08-02,,,,,,,,,,,,,,,,,,,,,,,,,,,,,,
214,2001-08-03,,,,,,,,,,,,,,,,,,,,,,,,,,,,,,
215,2001-08-04,,,,,,,,,,,,,,,,,,,,,,,,,,,,,,
216,2001-08-05,,,,,,,,,,,,,,,,,,,,,,,,,,,,,,
217,2001-08-06,,,,,,,,,,,,,,,,,,,,,,,,,,,,,,
218,2001-08-07,,,,,,,,,,,,,,,,,,,,,,,,,,,,,,
219,2001-08-08,,,,,,,,,,,,,,,,,,,,,,,,,,,,,,
220,2001-08-09,,,,,,,,,,,,,,,,,,,,,,,,,,,,,,
221,2001-08-10,,,,,,,,,,,,,,,,,,,,,,,,,,,,,,
222,2001-08-11,,,,,,,,,,,,,,,,,,,,,,,,,,,,,,
223,2001-08-12,,,,,,,,,,,,,,,,,,,,,,,,,,,,,,
224,2001-08-13,,,,,,,,,,,,,,,,,,,,,,,,,,,,,,
225,2001-08-14,,,,,,,,,,,,,,,,,,,,,,,,,,,,,,
226,2001-08-15,,,,,,,,,,,,,,,,,,,,,,,,,,,,,,
227,2001-08-16,,,,,,,,,,,,,,,,,,,,,,,,,,,,,,
228,2001-08-17,,,,,,,,,,,,,,,,,,,,,,,,,,,,,,
229,2001-08-18,,,,,,,,,,,,,,,,,,,,,,,,,,,,,,
230,2001-08-19,,,,,,,,,,,,,,,,,,,,,,,,,,,,,,
231,2001-08-20,,,,,,,,,,,,,,,,,,,,,,,,,,,,,,
232,2001-08-21,,,,,,,,,,,,,,,,,,,,,,,,,,,,,,
233,2001-08-22,,,,,,,,,,,,,,,,,,,,,,,,,,,,,,
234,2001-08-23,,,,,,,,,,,,,,,,,,,,,,,,,,,,,,
235,2001-08-24,,,,,,,,,,,,,,,,,,,,,,,,,,,,,,
236,2001-08-25,,,,,,,,,,,,,,,,,,,,,,,,,,,,,,
237,2001-08-26,,,,,,,,,,,,,,,,,,,,,,,,,,,,,,
238,2001-08-27,,,,,,,,,,,,,,,,,,,,,,,,,,,,,,
239,2001-08-28,,,,,,,,,,,,,,,,,,,,,,,,,,,,,,
240,2001-08-29,,,,,,,,,,,,,,,,,,,,,,,,,,,,,,
241,2001-08-30,,,,,,,,,,,,,,,,,,,,,,,,,,,,,,
242,2001-08-31,,,,,,,,,,,,,,,,,,,,,,,,,,,,,,
243,2001-09-01,,,,,,,,,,,,,,,,,,,,,,,,,,,,,,
244,2001-09-02,,,,,,,,,,,,,,,,,,,,,,,,,,,,,,
245,2001-09-03,,,,,,,,,,,,,,,,,,,,,,,,,,,,,,
246,2001-09-04,,,,,,,,,,,,,,,,,,,,,,,,,,,,,,
247,2001-09-05,,,,,,,,,,,,,,,,,,,,,,,,,,,,,,
248,2001-09-06,,,,,,,,,,,,,,,,,,,,,,,,,,,,,,
249,2001-09-07,,,,,,,,,,,,,,,,,,,,,,,,,,,,,,
250,2001-09-08,,,,,,,,,,,,,,,,,,,,,,,,,,,,,,
251,2001-09-09,,,,,,,,,,,,,,,,,,,,,,,,,,,,,,
252,2001-09-10,,,,,,,,,,,,,,,,,,,,,,,,,,,,,,
253,2001-09-11,,,,,,,,,,,,,,,,,,,,,,,,,,,,,,
254,2001-09-12,,,,,,,,,,,,,,,,,,,,,,,,,,,,,,
255,2001-09-13,,,,,,,,,,,,,,,,,,,,,,,,,,,,,,
256,2001-09-14,,,,,,,,,,,,,,,,,,,,,,,,,,,,,,
257,2001-09-15,,,,,,,,,,,,,,,,,,,,,,,,,,,,,,
258,2001-09-16,,,,,,,,,,,,,,,,,,,,,,,,,,,,,,
259,2001-09-17,,,,,,,,,,,,,,,,,,,,,,,,,,,,,,
260,2001-09-18,,,,,,,,,,,,,,,,,,,,,,,,,,,,,,
261,2001-09-19,,,,,,,,,,,,,,,,,,,,,,,,,,,,,,
262,2001-09-20,,,,,,,,,,,,,,,,,,,,,,,,,,,,,,
263,2001-09-21,,,,,,,,,,,,,,,,,,,,,,,,,,,,,,
264,2001-09-22,,,,,,,,,,,,,,,,,,,,,,,,,,,,,,
265,2001-09-23,,,,,,,,,,,,,,,,,,,,,,,,,,,,,,
266,2001-09-24,,,,,,,,,,,,,,,,,,,,,,,,,,,,,,
267,2001-09-25,,,,,,,,,,,,,,,,,,,,,,,,,,,,,,
268,2001-09-26,,,,,,,,,,,,,,,,,,,,,,,,,,,,,,
269,2001-09-27,,,,,,,,,,,,,,,,,,,,,,,,,,,,,,
270,2001-09-28,,,,,,,,,,,,,,,,,,,,,,,,,,,,,,
271,2001-09-29,,,,,,,,,,,,,,,,,,,,,,,,,,,,,,
272,2001-09-30,,,,,,,,,,,,,,,,,,,,,,,,,,,,,,
273,2001-10-01,,,,,,,,,,,,,,,,,,,,,,,,,,,,,,
274,2001-10-02,,,,,,,,,,,,,,,,,,,,,,,,,,,,,,
275,2001-10-03,,,,,,,,,,,,,,,,,,,,,,,,,,,,,,
276,2001-10-04,,,,,,,,,,,,,,,,,,,,,,,,,,,,,,
277,2001-10-05,,,,,,,,,,,,,,,,,,,,,,,,,,,,,,
278,2001-10-06,,,,,,,,,,,,,,,,,,,,,,,,,,,,,,
279,2001-10-07,,,,,,,,,,,,,,,,,,,,,,,,,,,,,,
280,2001-10-08,,,,,,,,,,,,,,,,,,,,,,,,,,,,,,
281,2001-10-09,,,,,,,,,,,,,,,,,,,,,,,,,,,,,,
282,2001-10-10,,,,,,,,,,,,,,,,,,,,,,,,,,,,,,
283,2001-10-11,,,,,,,,,,,,,,,,,,,,,,,,,,,,,,
284,2001-10-12,,,,,,,,,,,,,,,,,,,,,,,,,,,,,,
285,2001-10-13,,,,,,,,,,,,,,,,,,,,,,,,,,,,,,
286,2001-10-14,,,,,,,,,,,,,,,,,,,,,,,,,,,,,,
287,2001-10-15,,,,,,,,,,,,,,,,,,,,,,,,,,,,,,
288,2001-10-16,,,,,,,,,,,,,,,,,,,,,,,,,,,,,,
289,2001-10-17,,,,,,,,,,,,,,,,,,,,,,,,,,,,,,
290,2001-10-18,,,,,,,,,,,,,,,,,,,,,,,,,,,,,,
291,2001-10-19,,,,,,,,,,,,,,,,,,,,,,,,,,,,,,
292,2001-10-20,,,,,,,,,,,,,,,,,,,,,,,,,,,,,,
293,2001-10-21,,,,,,,,,,,,,,,,,,,,,,,,,,,,,,
294,2001-10-22,,,,,,,,,,,,,,,,,,,,,,,,,,,,,,
295,2001-10-23,,,,,,,,,,,,,,,,,,,,,,,,,,,,,,
296,2001-10-24,,,,,,,,,,,,,,,,,,,,,,,,,,,,,,
297,2001-10-25,,,,,,,,,,,,,,,,,,,,,,,,,,,,,,
298,2001-10-26,,,,,,,,,,,,,,,,,,,,,,,,,,,,,,
299,2001-10-27,,,,,,,,,,,,,,,,,,,,,,,,,,,,,,
300,2001-10-28,,,,,,,,,,,,,,,,,,,,,,,,,,,,,,
301,2001-10-29,,,,,,,,,,,,,,,,,,,,,,,,,,,,,,
302,2001-10-30,,,,,,,,,,,,,,,,,,,,,,,,,,,,,,
303,2001-10-31,,,,,,,,,,,,,,,,,,,,,,,,,,,,,,
304,2001-11-01,,,,,,,,,,,,,,,,,,,,,,,,,,,,,,
305,2001-11-02,,,,,,,,,,,,,,,,,,,,,,,,,,,,,,
306,2001-11-03,,,,,,,,,,,,,,,,,,,,,,,,,,,,,,
307,2001-11-04,,,,,,,,,,,,,,,,,,,,,,,,,,,,,,
308,2001-11-05,,,,,,,,,,,,,,,,,,,,,,,,,,,,,,
309,2001-11-06,,,,,,,,,,,,,,,,,,,,,,,,,,,,,,
310,2001-11-07,,,,,,,,,,,,,,,,,,,,,,,,,,,,,,
311,2001-11-08,,,,,,,,,,,,,,,,,,,,,,,,,,,,,,
312,2001-11-09,,,,,,,,,,,,,,,,,,,,,,,,,,,,,,
313,2001-11-10,,,,,,,,,,,,,,,,,,,,,,,,,,,,,,
314,2001-11-11,,,,,,,,,,,,,,,,,,,,,,,,,,,,,,
315,2001-11-12,,,,,,,,,,,,,,,,,,,,,,,,,,,,,,
316,2001-11-13,,,,,,,,,,,,,,,,,,,,,,,,,,,,,,
317,2001-11-14,,,,,,,,,,,,,,,,,,,,,,,,,,,,,,
318,2001-11-15,,,,,,,,,,,,,,,,,,,,,,,,,,,,,,
319,2001-11-16,,,,,,,,,,,,,,,,,,,,,,,,,,,,,,
320,2001-11-17,,,,,,,,,,,,,,,,,,,,,,,,,,,,,,
321,2001-11-18,,,,,,,,,,,,,,,,,,,,,,,,,,,,,,
322,2001-11-19,,,,,,,,,,,,,,,,,,,,,,,,,,,,,,
323,2001-11-20,,,,,,,,,,,,,,,,,,,,,,,,,,,,,,
324,2001-11-21,,,,,,,,,,,,,,,,,,,,,,,,,,,,,,
325,2001-11-22,,,,,,,,,,,,,,,,,,,,,,,,,,,,,,
326,2001-11-23,,,,,,,,,,,,,,,,,,,,,,,,,,,,,,
327,2001-11-24,,,,,,,,,,,,,,,,,,,,,,,,,,,,,,
328,2001-11-25,,,,,,,,,,,,,,,,,,,,,,,,,,,,,,
329,2001-11-26,,,,,,,,,,,,,,,,,,,,,,,,,,,,,,
330,2001-11-27,,,,,,,,,,,,,,,,,,,,,,,,,,,,,,
331,2001-11-28,,,,,,,,,,,,,,,,,,,,,,,,,,,,,,
332,2001-11-29,,,,,,,,,,,,,,,,,,,,,,,,,,,,,,
333,2001-11-30,,,,,,,,,,,,,,,,,,,,,,,,,,,,,,
334,2001-12-01,,,,,,,,,,,,,,,,,,,,,,,,,,,,,,
335,2001-12-02,,,,,,,,,,,,,,,,,,,,,,,,,,,,,,
336,2001-12-03,,,,,,,,,,,,,,,,,,,,,,,,,,,,,,
337,2001-12-04,,,,,,,,,,,,,,,,,,,,,,,,,,,,,,
338,2001-12-05,,,,,,,,,,,,,,,,,,,,,,,,,,,,,,
339,2001-12-06,,,,,,,,,,,,,,,,,,,,,,,,,,,,,,
340,2001-12-07,,,,,,,,,,,,,,,,,,,,,,,,,,,,,,
341,2001-12-08,,,,,,,,,,,,,,,,,,,,,,,,,,,,,,
342,2001-12-09,,,,,,,,,,,,,,,,,,,,,,,,,,,,,,
343,2001-12-10,,,,,,,,,,,,,,,,,,,,,,,,,,,,,,
344,2001-12-11,,,,,,,,,,,,,,,,,,,,,,,,,,,,,,
345,2001-12-12,,,,,,,,,,,,,,,,,,,,,,,,,,,,,,
346,2001-12-13,,,,,,,,,,,,,,,,,,,,,,,,,,,,,,
347,2001-12-14,,,,,,,,,,,,,,,,,,,,,,,,,,,,,,
348,2001-12-15,,,,,,,,,,,,,,,,,,,,,,,,,,,,,,
349,2001-12-16,,,,,,,,,,,,,,,,,,,,,,,,,,,,,,
350,2001-12-17,,,,,,,,,,,,,,,,,,,,,,,,,,,,,,
351,2001-12-18,,,,,,,,,,,,,,,,,,,,,,,,,,,,,,
352,2001-12-19,,,,,,,,,,,,,,,,,,,,,,,,,,,,,,
353,2001-12-20,,,,,,,,,,,,,,,,,,,,,,,,,,,,,,
354,2001-12-21,,,,,,,,,,,,,,,,,,,,,,,,,,,,,,
355,2001-12-22,,,,,,,,,,,,,,,,,,,,,,,,,,,,,,
356,2001-12-23,,,,,,,,,,,,,,,,,,,,,,,,,,,,,,
357,2001-12-24,,,,,,,,,,,,,,,,,,,,,,,,,,,,,,
358,2001-12-25,,,,,,,,,,,,,,,,,,,,,,,,,,,,,,
359,2001-12-26,,,,,,,,,,,,,,,,,,,,,,,,,,,,,,
360,2001-12-27,,,,,,,,,,,,,,,,,,,,,,,,,,,,,,
361,2001-12-28,,,,,,,,,,,,,,,,,,,,,,,,,,,,,,
362,2001-12-29,,,,,,,,,,,,,,,,,,,,,,,,,,,,,,
363,2001-12-30,,,,,,,,,,,,,,,,,,,,,,,,,,,,,,
364,2001-12-31,,,,,,,,,,,,,,,,,,,,,,,,,,,,,,
365,2002-01-01,,,,,,,,,,,,,,,,,,,,,,,,,,,,,,
366,2002-01-02,,,,,,,,,,,,,,,,,,,,,,,,,,,,,,
367,2002-01-03,,,,,,,,,,,,,,,,,,,,,,,,,,,,,,
368,2002-01-04,,,,,,,,,,,,,,,,,,,,,,,,,,,,,,
369,2002-01-05,,,,,,,,,,,,,,,,,,,,,,,,,,,,,,
370,2002-01-06,,,,,,,,,,,,,,,,,,,,,,,,,,,,,,
371,2002-01-07,,,,,,,,,,,,,,,,,,,,,,,,,,,,,,
372,2002-01-08,,,,,,,,,,,,,,,,,,,,,,,,,,,,,,
373,2002-01-09,,,,,,,,,,,,,,,,,,,,,,,,,,,,,,
374,2002-01-10,,,,,,,,,,,,,,,,,,,,,,,,,,,,,,
375,2002-01-11,,,,,,,,,,,,,,,,,,,,,,,,,,,,,,
376,2002-01-12,,,,,,,,,,,,,,,,,,,,,,,,,,,,,,
377,2002-01-13,,,,,,,,,,,,,,,,,,,,,,,,,,,,,,
378,2002-01-14,,,,,,,,,,,,,,,,,,,,,,,,,,,,,,
379,2002-01-15,,,,,,,,,,,,,,,,,,,,,,,,,,,,,,
380,2002-01-16,,,,,,,,,,,,,,,,,,,,,,,,,,,,,,
381,2002-01-17,,,,,,,,,,,,,,,,,,,,,,,,,,,,,,
382,2002-01-18,,,,,,,,,,,,,,,,,,,,,,,,,,,,,,
383,2002-01-19,,,,,,,,,,,,,,,,,,,,,,,,,,,,,,
384,2002-01-20,,,,,,,,,,,,,,,,,,,,,,,,,,,,,,
385,2002-01-21,,,,,,,,,,,,,,,,,,,,,,,,,,,,,,
386,2002-01-22,,,,,,,,,,,,,,,,,,,,,,,,,,,,,,
387,2002-01-23,,,,,,,,,,,,,,,,,,,,,,,,,,,,,,
388,2002-01-24,,,,,,,,,,,,,,,,,,,,,,,,,,,,,,
389,2002-01-25,,,,,,,,,,,,,,,,,,,,,,,,,,,,,,
390,2002-01-26,,,,,,,,,,,,,,,,,,,,,,,,,,,,,,
391,2002-01-27,,,,,,,,,,,,,,,,,,,,,,,,,,,,,,
392,2002-01-28,,,,,,,,,,,,,,,,,,,,,,,,,,,,,,
393,2002-01-29,,,,,,,,,,,,,,,,,,,,,,,,,,,,,,
394,2002-01-30,,,,,,,,,,,,,,,,,,,,,,,,,,,,,,
395,2002-01-31,,,,,,,,,,,,,,,,,,,,,,,,,,,,,,
396,2002-02-01,,,,,,,,,,,,,,,,,,,,,,,,,,,,,,
397,2002-02-02,,,,,,,,,,,,,,,,,,,,,,,,,,,,,,
398,2002-02-03,,,,,,,,,,,,,,,,,,,,,,,,,,,,,,
399,2002-02-04,,,,,,,,,,,,,,,,,,,,,,,,,,,,,,
400,2002-02-05,,,,,,,,,,,,,,,,,,,,,,,,,,,,,,
401,2002-02-06,,,,,,,,,,,,,,,,,,,,,,,,,,,,,,
402,2002-02-07,,,,,,,,,,,,,,,,,,,,,,,,,,,,,1.0,
403,2002-02-08,,,,,,,,,,,,,,,,,,,,,,,,,,,,,,
404,2002-02-09,,,,,,,,,,,,,,,,,,,,,,,,,,,,,,
405,2002-02-10,,,,,,,,,,,,,,,,,,,,,,,,,,,,,,
406,2002-02-11,,,,,,,,,,,,,,,,,,,,,,,,,,,,,,
407,2002-02-12,,,,,,,,,,,,,,,,,,,,,,,,,,,,,,
408,2002-02-13,,,,,,,,,,,,,,,,,,,,,,,,,,,,,,
409,2002-02-14,,,,,,,,,,,,,,,,,,,,,,,,,,,,,,
410,2002-02-15,,,,,,,,,,,,,,,,,,,,,,,,,,,,,,
411,2002-02-16,,,,,,,,,,,,,,,,,,,,,,,,,,,,,,
412,2002-02-17,,,,,,,,,,,,,,,,,,,,,,,,,,,,,,
413,2002-02-18,,,,,,,,,,,,,,,,,,,,,,,,,,,,,,
414,2002-02-19,,,,,,,,,,,,,,,,,,,,,,,,,,,,,,
415,2002-02-20,,,,,,,,,,,,,,,,,,,,,,,,,,,,,,
416,2002-02-21,,,,,,,,,,,,,,,,,,,,,,,,,,,,,,
417,2002-02-22,,,,,,,,,,,,,,,,,,,,,,,,,,,,,,
418,2002-02-23,,,,,,,,,,,,,,,,,,,,,,,,,,,,,,
419,2002-02-24,,,,,,,,,,,,,,,,,,,,,,,,,,,,,,
420,2002-02-25,,,,,,,,,,,,,,,,,,,,,,,,,,,,,,
421,2002-02-26,,,,,,,,,,,,,,,,,,,,,,,,,,,,,,
422,2002-02-27,,,,,,,,,,,,,,,,,,,,,,,,,,,,,,
423,2002-02-28,,,,,,,,,,,,,,,,,,,,,,,,,,,,,,
424,2002-03-01,,,,,,,,,,,,,,,,,,,,,,,,,,,,,,
425,2002-03-02,,,,,,,,,,,,,,,,,,,,,,,,,,,,,,
426,2002-03-03,,,,,,,,,,,,,,,,,,,,,,,,,,,,,,
427,2002-03-04,,,,,,,,,,,,,,,,,,,,,,,,,,,,,,
428,2002-03-05,,,,,,,,,,,,,,,,,,,,,,,,,,,,,,
429,2002-03-06,,,,,,,,,,,,,,,,,,,,,,,,,,,,,,
430,2002-03-07,,,,,,,,,,,,,,,,,,,,,,,,,,,,,,
431,2002-03-08,,,,,,,,,,,,,,,,,,,,,,,,,,,,,,
432,2002-03-09,,,,,,,,,,,,,,,,,,,,,,,,,,,,,,
433,2002-03-10,,,,,,,,,,,,,,,,,,,,,,,,,,,,,,
434,2002-03-11,,,,,,,,,,,,,,,,,,,,,,,,,,,,,,
435,2002-03-12,,,,,,,,,,,,,,,,,,,,,,,,,,,,,,
436,2002-03-13,,,,,,,,,,,,,,,,,,,,,,,,,,,,,,
437,2002-03-14,,,,,,,,,,,,,,,,,,,,,,,,,,,,,,
438,2002-03-15,,,,,,,,,,,,,,,,,,,,,,,,,,,,,,
439,2002-03-16,,,,,,,,,,,,,,,,,,,,,,,,,,,,,,
440,2002-03-17,,,,,,,,,,,,,,,,,,,,,,,,,,,,,,
441,2002-03-18,,,,,,,,,,,,,,,,,,,,,,,,,,,,,,
442,2002-03-19,,,,,,,,,,,,,,,,,,,,,,,,,,,,,,
443,2002-03-20,,,,,,,,,,,,,,,,,,,,,,,,,,,,,,
444,2002-03-21,,,,,,,,,,,,,,,,,,,,,,,,,,,,,,
445,2002-03-22,,,,,,,,,,,,,,,,,,,,,,,,,,,,,,
446,2002-03-23,,,,,,,,,,,,,,,,,,,,,,,,,,,,,,
447,2002-03-24,,,,,,,,,,,,,,,,,,,,,,,,,,,,,,
448,2002-03-25,,,,,,,,,,,,,,,,,,,,,,,,,,,,,,
449,2002-03-26,,,,,,,,,,,,,,,,,,,,,,,,,,,,,,
450,2002-03-27,,,,,,,,,,,,,,,,,,,,,,,,,,,,,,
451,2002-03-28,,,,,,,,,,,,,,,,,,,,,,,,,,,,,,
452,2002-03-29,,,,,,,,,,,,,,,,,,,,,,,,,,,,,,
453,2002-03-30,,,,,,,,,,,,,,,,,,,,,,,,,,,,,,
454,2002-03-31,,,,,,,,,,,,,,,,,,,,,,,,,,,,,,
455,2002-04-01,,,,,,,,,,,,,,,,,,,,,,,,,,,,,,
456,2002-04-02,,,,,,,,,,,,,,,,,,,,,,,,,,,,,,
457,2002-04-03,,,,,,1.0,,,,,,,,,,,,,,,,,,,,,,,,
458,2002-04-04,,,,,,,,,,,,,,,,,,,,,,,,,,,,,,
459,2002-04-05,,,,,,,,,,,,,,,,,,,,,,,,,,,,,,
460,2002-04-06,,,,,,,,,,,,,,,,,,,,,,,,,,,,,,
461,2002-04-07,,,,,,,,,,,,,,,,,,,,,,,,,,,,,,
462,2002-04-08,,,,,,,,,,,,,,,,,,,,,,,,,,,,,,
463,2002-04-09,,,,,,,,,,,,,,,,,,,,,,,,,,,,,,
464,2002-04-10,,,,,,,,,,,,,,,,,,,,,,,,,,,,,,
465,2002-04-11,,,,,,,,,,,,,,,,,,,,,,,,,,,,,,
466,2002-04-12,,,,,,,,,,,,,,,,,,,,,,,,,,,,,,
467,2002-04-13,,,,,,,,,,,,,,,,,,,,,,,,,,,,,,
468,2002-04-14,,,,,,,,,,,,,,,,,,,,,,,,,,,,,,
469,2002-04-15,,,,,,,,,,,,,,,,,,,,,,,,,,,,,,
470,2002-04-16,,,,,,,,,,,,,,,,,,,,,,,,,,,,,,
471,2002-04-17,,,,,,,,,,,,,,,,,,,,,,,,,,,,,,
472,2002-04-18,,,,,,,,,,,,,,,,,,,,,,,,,,,,,,
473,2002-04-19,,,,,,,,,,,,,,,,,,,,,,,,,,,,,,
474,2002-04-20,,,,,,,,,,,,,,,,,,,,,,,,,,,,,,
475,2002-04-21,,,,,,,,,,,,,,,,,,,,,,,,,,,,,,
476,2002-04-22,,,,,,,,,,,,,,,,,,,,,,,,,,,,,,
477,2002-04-23,,,,,,,,,,,,,,,,,,,,,,,,,,,,,,
478,2002-04-24,,,,,,,,,,,,,,,,,,,,,,,,,,,,,,
479,2002-04-25,,,,,,,,,,,,,,,,,,,,,,,,,,,,,,
480,2002-04-26,,,,,,,,,,,,,,,,,,,,,,,,,,,,,,
481,2002-04-27,,,,,,,,,,,,,,,,,,,,,,,,,,,,,,
482,2002-04-28,,,,,,,,,,,,,,,,,,,,,,,,,,,,,,
483,2002-04-29,,,,,,,,,,,,,,,,,,,,,,,,,,,,,,
484,2002-04-30,,,,,,,,,,,,,,,,,,,,,,,,,,,,,,
485,2002-05-01,,,,,,,,,,,,,,,,,,,,,,,,,,,,,,
486,2002-05-02,,,,,,,,,,,,,,,,,,,,,,,,,,,,,,
487,2002-05-03,,,,,,,,,,,,,,,,,,,,,,,,,,,,,,
488,2002-05-04,,,,,,,,,,,,,,,,,,,,,,,,,,,,,,
489,2002-05-05,,,,,,,,,,,,,,,,,,,,,,,,,,,,,,
490,2002-05-06,,,,,,,,,,,,,,,,,,,,,,,,,,,,,,
491,2002-05-07,,,,,,,,,,,,,,,,,,,,,,,,,,,,,,
492,2002-05-08,,,,,,,,,,,,,,,,,,,,,,,,,,,,,,
493,2002-05-09,,,,,,,,,,,,,,,,,,,,,,,,,,,,,,
494,2002-05-10,,,,,,,,,,,,,,,,,,,,,,,,,,,,,,
495,2002-05-11,,,,,,,,,,,,,,,,,,,,,,,,,,,,,,
496,2002-05-12,,,,,,,,,,,,,,,,,,,,,,,,,,,,,,
497,2002-05-13,,,,,,,,,,,,,,,,,,,,,,,,,,,,,,
498,2002-05-14,,,,,,,,,,,,,,,,,,,,,,,,,,,,,,
499,2002-05-15,,,,,,,,,,,,,,,,,,,,,,,,,,,,,,
500,2002-05-16,,,,,,,,,,,,,,,,,,,,,,,,,,,,,,
501,2002-05-17,,,,,,,,,,,,,,,,,,,,,,,,,,,,,,
502,2002-05-18,,,,,,,,,,,,,,,,,,,,,,,,,,,,,,
503,2002-05-19,,,,,,,,,,,,,,,,,,,,,,,,,,,,,,
504,2002-05-20,,,,,,,,,,,,,,,,,,,,,,,,,,,,,,
505,2002-05-21,,,,,,,,,,,,,,,,,,,,,,,,,,,,,,
506,2002-05-22,,,,,,,,,,,,,,,,,,,,,,,,,,,,,,
507,2002-05-23,,,,,,,,,,,,,,,,,,,,,,,,,,,,,,
508,2002-05-24,,,,,,,,,,,,,,,,,,,,,,,,,,,,,,
509,2002-05-25,,,,,,,,,,,,,,,,,,,,,,,,,,,,,,
510,2002-05-26,,,,,,,,,,,,,,,,,,,,,,,,,,,,,,
511,2002-05-27,,,,,,,,,,,,,,,,,,,,,,,,,,,,,,
512,2002-05-28,,,,,,,,,,,,,,,,,,,,,,,,,,,,,,
513,2002-05-29,,,,,,,,,,,,,,,,,,,,,,,,,,,,,,
514,2002-05-30,,,,,,,,,,,,,,,,,,,,,,,,,,,,,,
515,2002-05-31,,,,,,,,,,,,,,,,,,,,,,,,,,,,,,
516,2002-06-01,,,,,,,,,,,,,,,,,,,,,,,,,,,,,,
517,2002-06-02,,,,,,,,,,,,,,,,,,,,,,,,,,,,,,
518,2002-06-03,,,,,,,,,,,,,,,,,,,,,,,,,,,,,,
519,2002-06-04,,,,,,,,,,,,,,,,,,,,,,,,,,,,,,
520,2002-06-05,,,,,,,,,,,,,,,,,,,,,,,,,,,,,,
521,2002-06-06,,,,,,,,,,,,,,,,,,,,,,,,,,,,,,
522,2002-06-07,,,,,,,,,,,,,,,,,,,,,,,,,,,,,,
523,2002-06-08,,,,,,,,,,,,,,,,,,,,,,,,,,,,,,
524,2002-06-09,,,,,,,,,,,,,,,,,,,,,,,,,,,,,,
525,2002-06-10,,,,,,,,,,,,,,,,,,,,,,,,,,,,,,
526,2002-06-11,,,,,,,,,,,,,,,,,,,,,,,,,,,,,,
527,2002-06-12,,,,,,,,,,,,,,,,,,,,,,,,,,,,,,
528,2002-06-13,,,,,,,,,,,,,,,,,,,,,,,,,,,,,,
529,2002-06-14,,,,,,,,,,,,,,,,,,,,,,,,,,,,,,
530,2002-06-15,,,,,,,,,,,,,,,,,,,,,,,,,,,,,,
531,2002-06-16,,,,,,,,,,,,,,,,,,,,,,,,,,,,,,
532,2002-06-17,,,,,,,,,,,,,,,,,,,,,,,,,,,,,,
533,2002-06-18,,,,,,,,,,,,,,,,,,,,,,,,,,,,,,
534,2002-06-19,,,,,,,,,,,,,,,,,,,,,,,,,,,,,,
535,2002-06-20,,,,,,,,,,,,,,,,,,,,,,,,,,,,,,
536,2002-06-21,,,,,,,,,,,,,,,,,,,,,,,,,,,,,,
537,2002-06-22,,,,,,,,,,,,,,,,,,,,,,,,,,,,,,
538,2002-06-23,,,,,,,,,,,,,,,,,,,,,,,,,,,,,,
539,2002-06-24,,,,,,,,,,,,,,,,,,,,,,,,,,,,,,
540,2002-06-25,,,,,,,,,,,,,,,,,,,,,,,,,,,,,,
541,2002-06-26,,,,,,,,,,,,,,,,,,,,,,,,,,,,,,
542,2002-06-27,,,,,,,,,,,,,,,,,,,,,,,,,,,,,,
543,2002-06-28,,,,,,,,,,,,,,,,,,,,,,,,,,,,,,
544,2002-06-29,,,,,,,,,,,,,,,,,,,,,,,,,,,,,,
545,2002-06-30,,,,,,,,,,,,,,,,,,,,,,,,,,,,,,
546,2002-07-01,,,,,,,,,,,,,,,,,,,,,,,,,,,,,,
547,2002-07-02,,,,,,,,,,,,,,,,,,,,,,,,,,,,,,
548,2002-07-03,,,,,,,,,,,,,,,,,,,,,,,,,,,,,,
549,2002-07-04,,,,,,,,,,,,,,,,,,,,,,,,,,,,,,
550,2002-07-05,,,,,,,,,,,,,,,,,,,,,,,,,,,,,,
551,2002-07-06,,,,,,,,,,,,,,,,,,,,,,,,,,,,,,
552,2002-07-07,,,,,,,,,,,,,,,,,,,,,,,,,,,,,,
553,2002-07-08,,,,,,,,,,,,,,,,,,,,,,,,,,,,,,
554,2002-07-09,,,,,,,,,,,,,,,,,,,,,,,,,,,,,,
555,2002-07-10,,,,,,,,,,,,,,,,,,,,,,,,,,,,,,
556,2002-07-11,,,,,,,,,,,,,,,,,,,,,,,,,,,,,,
557,2002-07-12,,,,,,,,,,,,,,,,,,,,,,,,,,,,,,
558,2002-07-13,,,,,,,,,,,,,,,,,,,,,,,,,,,,,,
559,2002-07-14,,,,,,,,,,,,,,,,,,,,,,,,,,,,,,
560,2002-07-15,,,,,,,,,,,,,,,,,,,,,,,,,,,,,,
561,2002-07-16,,,,,,,,,,,,,,,,,,,,,,,,,,,,,,
562,2002-07-17,,,,,,,,,,,,,,,,,,,,,,,,,,,,,,
563,2002-07-18,,,,,,,,,,,,,,,,,,,,,,,,,,,,,,
564,2002-07-19,,,,,,,,,,,,,,,,,,,,,,,,,,,,,,
565,2002-07-20,,,,,,,,,,,,,,,,,,,,,,,,,,,,,,
566,2002-07-21,,,,,,,,,,,,,,,,,,,,,,,,,,,,,,
567,2002-07-22,,,,,,,,,,,,,,,,,,,,,,,,,,,,,,
568,2002-07-23,,,,,,,,,,,,,,,,,,,,,,,,,,,,,,
569,2002-07-24,,,,,,,,,,,,,,,,,,,,,,,,,,,,,,
570,2002-07-25,,,,,,,,,,,,,,,,,,,,,,,,,,,,,,
571,2002-07-26,,,,,,,,,,,,,,,,,,,,,,,,,,,,,,
572,2002-07-27,,,,,,,,,,,,,,,,,,,,,,,,,,,,,,
573,2002-07-28,,,,,,,,,,,,,,,,,,,,,,,,,,,,,,
574,2002-07-29,,,,,,,,,,,,,,,,,,,,,,,,,,,,,,
575,2002-07-30,,,,,,,,,,,,,,,,,,,,,,,,,,,,,,
576,2002-07-31,,,,,,,,,,,,,,,,,,,,,,,,,,,,,,
577,2002-08-01,,,,,,,,,,,,,,,,,,,,,,,,,,,,,,
578,2002-08-02,,,,,,,,,,,,,,,,,,,,,,,,,,,,,,
579,2002-08-03,,,,,,,,,,,,,,,,,,,,,,,,,,,,,,
580,2002-08-04,,,,,,,,,,,,,,,,,,,,,,,,,,,,,,
581,2002-08-05,,,,,,,,,,,,,,,,,,,,,,,,,,,,,,
582,2002-08-06,,,,,,,,,,,,,,,,,,,,,,,,,,,,,,
583,2002-08-07,,,,,,,,,,,,,,,,,,,,,,,,,,,,,,
584,2002-08-08,,,,,,,,,,,,,,,,,,,,,,,,,,,,,,
585,2002-08-09,,,,,,,,,,,,,,,,,,,,,,,,,,,,,,
586,2002-08-10,,,,,,,,,,,,,,,,,,,,,,,,,,,,,,
587,2002-08-11,,,,,,,,,,,,,,,,,,,,,,,,,,,,,,
588,2002-08-12,,,,,,,,,,,,,,,,,,,,,,,,,,,,,,
589,2002-08-13,,,,,,,,,,,,,,,,,,,,,,,,,,,,,,
590,2002-08-14,,,,,,,,,,,,,,,,,,,,,,,,,,,,,,
591,2002-08-15,,,,,,,,,,,,,,,,,,,,,,,,,,,,,,
592,2002-08-16,,,,,,,,,,,,,,,,,,,,,,,,,,,,,,
593,2002-08-17,,,,,,,,,,,,,,,,,,,,,,,,,,,,,,
594,2002-08-18,,,,,,,,,,,,,,,,,,,,,,,,,,,,,,
595,2002-08-19,,,,,,,,,,,,,,,,,,,,,,,,,,,,,,
596,2002-08-20,,,,,,,,,,,,,,,,,,,,,,,,,,,,,,
597,2002-08-21,,,,,,,,,,,,,,,,,,,,,,,,,,,,,,
598,2002-08-22,,,,,,,,,,,,,,,,,,,,,,,,,,,,,,
599,2002-08-23,,,,,,,,,,,,,,,,,,,,,,,,,,,,,,
600,2002-08-24,,,,,,,,,,,,,,,,,,,,,,,,,,,,,,
601,2002-08-25,,,,,,,,,,,,,,,,,,,,,,,,,,,,,,
602,2002-08-26,,,,,,,,,,,,,,,,,,,,,,,,,,,,,,
603,2002-08-27,,,,,,,,,,,,,,,,,,,,,,,,,,,,,,
604,2002-08-28,,,,,,,,,,,,,,,,,,,,,,,,,,,,,,
605,2002-08-29,,,,,,,,,,,,,,,,,,,,,,,,,,,,,,
606,2002-08-30,,,,,,,,,,,,,,,,,,,,,,,,,,,,,,
607,2002-08-31,,,,,,,,,,,,,,,,,,,,,,,,,,,,,,
608,2002-09-01,,,,,,,,,,,,,,,,,,,,,,,,,,,,,,
609,2002-09-02,,,,,,,,,,,,,,,,,,,,,,,,,,,,,,
610,2002-09-03,,,,,,,,,,,,,,,,,,,,,,,,,,,,,,
611,2002-09-04,,,,,,,,,,,,,,,,,,,,,,,,,,,,,,
612,2002-09-05,,,,,,,,,,,,,,,,,,,,,,,,,,,,,,
613,2002-09-06,,,,,,,,,,,,,,,,,,,,,,,,,,,,,,
614,2002-09-07,,,,,,,,,,,,,,,,,,,,,,,,,,,,,,
615,2002-09-08,,,,,,,,,,,,,,,,,,,,,,,,,,,,,,
616,2002-09-09,,,,,,,,,,,,,,,,,,,,,,,,,,,,,,
617,2002-09-10,,,,,,,,,,,,,,,,,,,,,,,,,,,,,,
618,2002-09-11,,,,,,,,,,,,,,,,,,,,,,,,,,,,,,
619,2002-09-12,,,,,,,,,,,,,,,,,,,,,,,,,,,,,,
620,2002-09-13,,,,,,,,,,,,,,,,,,,,,,,,,,,,,,
621,2002-09-14,,,,,,,,,,,,,,,,,,,,,,,,,,,,,,
622,2002-09-15,,,,,,,,,,,,,,,,,,,,,,,,,,,,,,
623,2002-09-16,,,,,,,,,,,,,,,,,,,,,,,,,,,,,,
624,2002-09-17,,,,,,,,,,,,,,,,,,,,,,,,,,,,,,
625,2002-09-18,,,,,,,,,,,,,,,,,,,,,,,,,,,,,,
626,2002-09-19,,,,,,,,,,,,,,,,,,,,,,,,,,,,,,
627,2002-09-20,,,,,,,,,,,,,,,,,,,,,,,,,,,,,,
628,2002-09-21,,,,,,,,,,,,,,,,,,,,,,,,,,,,,,
629,2002-09-22,,,,,,,,,,,,,,,,,,,,,,,,,,,,,,
630,2002-09-23,,,,,,,,,,,,,,,,,,,,,,,,,,,,,,
631,2002-09-24,,,,,,,,,,,,,,,,,,,,,,,,,,,,,,
632,2002-09-25,,,,,,,,,,,,,,,,,,,,,,,,,,,,,,
633,2002-09-26,,,,,,,,,,,,,,,,,,,,,,,,,,,,,,
634,2002-09-27,,,,,,,,,,,,,,,,,,,,,,,,,,,,,,
635,2002-09-28,,,,,,,,,,,,,,,,,,,,,,,,,,,,,,
636,2002-09-29,,,,,,,,,,,,,,,,,,,,,,,,,,,,,,
637,2002-09-30,,,,,,,,,,,,,,,,,,,,,,,,,,,,,,
638,2002-10-01,,,,,,,,,,,,,,,,,,,,,,,,,,,,,,
639,2002-10-02,,,,,,,,,,,,,,,,,,,,,,,,,,,,,,
640,2002-10-03,,,,,,,,,,,,,,,,,,,,,,,,,,,,,,
641,2002-10-04,,,,,,,,,,,,,,,,,,,,,,,,,,,,,,
642,2002-10-05,,,,,,,,,,,,,,,,,,,,,,,,,,,,,,
643,2002-10-06,,,,,,,,,,,,,,,,,,,,,,,,,,,,,,
644,2002-10-07,,,,,,,,,,,,,,,,,,,,,,,,,,,,,,
645,2002-10-08,,,,,,,,,,,,,,,,,,,,,,,,,,,,,,
646,2002-10-09,,,,,,,,,,,,,,,,,,,,,,,,,,,,,,
647,2002-10-10,,,,,,,,,,,,,,,,,,,,,,,,,,,,,,
648,2002-10-11,,,,,,,,,,,,,,,,,,,,,,,,,,,,,,
649,2002-10-12,,,,,,,,,,,,,,,,,,,,,,,,,,,,,,
650,2002-10-13,,,,,,,,,,,,,,,,,,,,,,,,,,,,,,
651,2002-10-14,,,,,,,,,,,,,,,,,,,,,,,,,,,,,,
652,2002-10-15,,,,,,,,,,,,,,,,,,,,,,,,,,,,,,
653,2002-10-16,,,,,,,,,,,,,,,,,,,,,,,,,,,,,,
654,2002-10-17,,,,,,,,,,,,,,,,,,,,,,,,,,,,,,
655,2002-10-18,,,,,,,,,,,,,,,,,,,,,,,,,,,,,,
656,2002-10-19,,,,,,,,,,,,,,,,,,,,,,,,,,,,,,
657,2002-10-20,,,,,,,,,,,,,,,,,,,,,,,,,,,,,,
658,2002-10-21,,,,,,,,,,,,,,,,,,,,,,,,,,,,,,
659,2002-10-22,,,,,,,,,,,,,,,,,,,,,,,,,,,,,,
660,2002-10-23,,,,,,,,,,,,,,,,,,,,,,,,,,,,,,
661,2002-10-24,,,,,,,,,,,,,,,,,,,,,,,,,,,,,,
662,2002-10-25,,,,,,,,,,,,,,,,,,,,,,,,,,,,,,
663,2002-10-26,,,,,,,,,,,,,,,,,,,,,,,,,,,,,,
664,2002-10-27,,,,,,,,,,,,,,,,,,,,,,,,,,,,,,
665,2002-10-28,,,,,,,,,,,,,,,,,,,,,,,,,,,,,,
666,2002-10-29,,,,,,,,,,,,,,,,,,,,,,,,,,,,,,
667,2002-10-30,,,,,,,,,,,,,,,,,,,,,,,,,,,,,,
668,2002-10-31,,,,,,,,,,,,,,,,,,,,,,,,,,,,,,
669,2002-11-01,,,,,,,,,,,,,,,,,,,,,,,,,,,,,,
670,2002-11-02,,,,,,,,,,,,,,,,,,,,,,,,,,,,,,
671,2002-11-03,,,,,,,,,,,,,,,,,,,,,,,,,,,,,,
672,2002-11-04,,,,,,,,,,,,,,,,,,,,,,,,,,,,,,
673,2002-11-05,,,,,,,,,,,,,,,,,,,,,,,,,,,,,,
674,2002-11-06,,,,,,,,,,,,,,,,,,,,,,,,,,,,,,
675,2002-11-07,,,,,,,,,,,,,,,,,,,,,,,,,,,,,,
676,2002-11-08,,,,,,,,,,,,,,,,,,,,,,,,,,,,,,
677,2002-11-09,,,,,,,,,,,,,,,,,,,,,,,,,,,,,,
678,2002-11-10,,,,,,,,,,,,,,,,,,,,,,,,,,,,,,
679,2002-11-11,,,,,,,,,,,,,,,,,,,,,,,,,,,,,,
680,2002-11-12,,,,,,,,,,,,,,,,,,,,,,,,,,,,,,
681,2002-11-13,,,,,,,,,,,,,,,,,,,,,,,,,,,,,,
682,2002-11-14,,,,,,,,,,,,,,,,,,,,,,,,,,,,,,
683,2002-11-15,,,,,,,,,,,,,,,,,,,,,,,,,,,,,,
684,2002-11-16,,,,,,,,,,,,,,,,,,,,,,,,,,,,,,
685,2002-11-17,,,,,,,,,,,,,,,,,,,,,,,,,,,,,,
686,2002-11-18,,,,,,,,,,,,,,,,,,,,,,,,,,,,,,
687,2002-11-19,,,,,,,,,,,,,,,,,,,,,,,,,,,,,,
688,2002-11-20,,,,,,,,,,,,,,,,,,,,,,,,,,,,,,
689,2002-11-21,,,,,,,,,,,,,,,,,,,,,,,,,,,,,,
690,2002-11-22,,,,,,,,,,,,,,,,,,,,,,,,,,,,,,
691,2002-11-23,,,,,,,,,,,,,,,,,,,,,,,,,,,,,,
692,2002-11-24,,,,,,,,,,,,,,,,,,,,,,,,,,,,,,
693,2002-11-25,,,,,,,,,,,,,,,,,,,,,,,,,,,,,,
694,2002-11-26,,,,,,,,,,,,,,,,,,,,,,,,,,,,,,
695,2002-11-27,,,,,,,,,,,,,,,,,,,,,,,,,,,,,,
696,2002-11-28,,,,,,,,,,,,,,,,,,,,,,,,,,,,,,
697,2002-11-29,,,,,,,,,,,,,,,,,,,,,,,,,,,,,,
698,2002-11-30,,,,,,,,,,,,,,,,,,,,,,,,,,,,,,
699,2002-12-01,,,,,,,,,,,,,,,,,,,,,,,,,,,,,,
700,2002-12-02,,,,,,,,,,,,,,,,,,,,,,,,,,,,,,
701,2002-12-03,,,,,,,,,,,,,,,,,,,,,,,,,,,,,,
702,2002-12-04,,,,,,,,,,,,,,,,,,,,,,,,,,,,,,
703,2002-12-05,,,,,,,,,,,,,,,,,,,,,,,,,,,,,,
704,2002-12-06,,,,,,,,,,,,,,,,,,,,,,,,,,,,,,
705,2002-12-07,,,,,,,,,,,,,,,,,,,,,,,,,,,,,,
706,2002-12-08,,,,,,,,,,,,,,,,,,,,,,,,,,,,,,
707,2002-12-09,,,,,,,,,,,,,,,,,,,,,,,,,,,,,,
708,2002-12-10,,,,,,,,,,,,,,,,,,,,,,,,,,,,,,
709,2002-12-11,,,,,,,,,,,,,,,,,,,,,,,,,,,,,,
710,2002-12-12,,,,,,,,,,,,,,,,,,,,,,,,,,,,,,
711,2002-12-13,,,,,,,,,,,,,,,,,,,,,,,,,,,,,,
712,2002-12-14,,,,,,,,,,,,,,,,,,,,,,,,,,,,,,
713,2002-12-15,,,,,,,,,,,,,,,,,,,,,,,,,,,,,,
714,2002-12-16,,,,,,,,,,,,,,,,,,,,,,,,,,,,,,
715,2002-12-17,,,,,,,,,,,,,,,,,,,,,,,,,,,,,,
716,2002-12-18,,,,,,,,,,,,,,,,,,,,,,,,,,,,,,
717,2002-12-19,,,,,,,,,,,,,,,,,,,,,,,,,,,,,,
718,2002-12-20,,,,,,,,,,,,,,,,,,,,,,,,,,,,,,
719,2002-12-21,,,,,,,,,,,,,,,,,,,,,,,,,,,,,,
720,2002-12-22,,,,,,,,,,,,,,,,,,,,,,,,,,,,,,
721,2002-12-23,,,,,,,,,,,,,,,,,,,,,,,,,,,,,,
722,2002-12-24,,,,,,,,,,,,,,,,,,,,,,,,,,,,,,
723,2002-12-25,,,,,,,,,,,,,,,,,,,,,,,,,,,,,,
724,2002-12-26,,,,,,,,,,,,,,,,,,,,,,,,,,,,,,
725,2002-12-27,,,,,,,,,,,,,,,,,,,,,,,,,,,,,,
726,2002-12-28,,,,,,,,,,,,,,,,,,,,,,,,,,,,,,
727,2002-12-29,,,,,,,,,,,,,,,,,,,,,,,,,,,,,,
728,2002-12-30,,,,,,,,,,,,,,,,,,,,,,,,,,,,,,
729,2002-12-31,,,,,,,,,,,,,,,,,,,,,,,,,,,,,,
730,2003-01-01,,,,,,,,,,,,,,,,,,,,,,,,,,,,,,
731,2003-01-02,,,,,,,,,,,,,,,,,,,,,,,,,,,,,,
732,2003-01-03,,,,,,,,,,,,,,,,,,,,,,,,,,,,,,
733,2003-01-04,,,,,,,,,,,,,,,,,,,,,,,,,,,,,,
734,2003-01-05,,,,,,,,,,,,,,,,,,,,,,,,,,,,,,
735,2003-01-06,,,,,,,,,,,,,,,,,,,,,,,,,,,,,,
736,2003-01-07,,,,,,,,,,,,,,,,,,,,,,,,,,,,,,
737,2003-01-08,,,,,,,,,,,,,,,,,,,,,,,,,,,,,,
738,2003-01-09,,,,,,,,,,,,,,,,,,,,,,,,,,,,,,
739,2003-01-10,,,,,,,,,,,,,,,,,,,,,,,,,,,,,,
740,2003-01-11,,,,,,,,,,,,,,,,,,,,,,,,,,,,,,
741,2003-01-12,,,,,,,,,,,,,,,,,,,,,,,,,,,,,,
742,2003-01-13,,,,,,,,,,,,,,,,,,,,,,,,,,,,,,
743,2003-01-14,,,,,,,,,,,,,,,,,,,,,,,,,,,,,,
744,2003-01-15,,,,,,,,,,,,,,,,,,,,,,,,,,,,,,
745,2003-01-16,,,,,,,,,,,,,,,,,,,,,,,,,,,,,,
746,2003-01-17,,,,,,,,,,,,,,,,,,,,,,,,,,,,,,
747,2003-01-18,,,,,,,,,,,,,,,,,,,,,,,,,,,,,,
748,2003-01-19,,,,,,,,,,,,,,,,,,,,,,,,,,,,,,
749,2003-01-20,,,,,,,,,,,,,,,,,,,,,,,,,,,,,,
750,2003-01-21,,,,,,,,,,,,,,,,,,,,,,,,,,,,,,
751,2003-01-22,,,,,,,,,,,,,,,,,,,,,,,,,,,,,,
752,2003-01-23,,,,,,,,,,,,,,,,,,,,,,,,,,,,,,
753,2003-01-24,,,,,,,,,,,,,,,,,,,,,,,,,,,,,,
754,2003-01-25,,,,,,,,,,,,,,,,,,,,,,,,,,,,,,
755,2003-01-26,,,,,,,,,,,,,,,,,,,,,,,,,,,,,,
756,2003-01-27,,,,,,,,,,,,,,,,,,,,,,,,,,,,,,
757,2003-01-28,,,,,,,,,,,,,,,,,,,,,,,,,,,,,,
758,2003-01-29,,,,,,,,,,,,,,,,,,,,,,,,,,,,,,
759,2003-01-30,,,,,,,,,,,,,,,,,,,,,,,,,,,,,,
760,2003-01-31,,,,,,,,,,,,,,,,,,,,,,,,,,,,,,
761,2003-02-01,,,,,,,,,,,,,,,,,,,,,,,,,,,,,,
762,2003-02-02,,,,,,,,,,,,,,,,,,,,,,,,,,,,,,
763,2003-02-03,,,,,,,,,,,,,,,,,,,,,,,,,,,,,,
764,2003-02-04,,,,,,,,,,,,,,,,,,,,,,,,,,,,,,
765,2003-02-05,,,,,,,,,,,,,,,,,,,,,,,,,,,,,,
766,2003-02-06,,,,,,,,,,,,,,,,,,,,,,,,,,,,,,
767,2003-02-07,,,,,,,,,,,,,,,,,,,,,,,,,,,,,,
768,2003-02-08,,,,,,1.0,,,,,,,,,,,,,,,,,,,,,,,,
769,2003-02-09,,,,,,,,,,,,,,,,,,,,,,,,,,,,,,
770,2003-02-10,,,,,,,,,,,,,,,,,,,,,,,,,,,,,,
771,2003-02-11,,,,,,,,,,,,,,,,,,,,,,,,,,,,,,
772,2003-02-12,,,,,,,,,,,,,,,,,,,,,,,,,,,,,,
773,2003-02-13,,,,,,,,,,,,,,,,,,,,,,,,,,,,,,
774,2003-02-14,,,,,,,,,,,,,,,,,,,,,,,,,,,,,,
775,2003-02-15,,,,,,,,,,,,,,,,,,,,,,,,,,,,,,
776,2003-02-16,,,,,,,,,,,,,,,,,,,,,,,,,,,,,,
777,2003-02-17,,,,,,,,,,,,,,,,,,,,,,,,,,,,,,
778,2003-02-18,,,,,,,,,,,,,,,,,,,,,,,,,,,,,,
779,2003-02-19,,,,,,,,,,,,,,,,,,,,,,,,,,,,,,
780,2003-02-20,,,,,,,,,,,,,,,,,,,,,,,,,,,,,,
781,2003-02-21,,,,,,,,,,,,,,,,,,,,,,,,,,,,,,
782,2003-02-22,,,,,,,,,,,,,,,,,,,,,,,,,,,,,,
783,2003-02-23,,,,,,,,,,,,,,,,,,,,,,,,,,,,,,
784,2003-02-24,,,,,,,,,,,,,,,,,,,,,,,,,,,,,,
785,2003-02-25,,,,,,,,,,,,,,,,,,,,,,,,,,,,,,
786,2003-02-26,,,,,,1.0,,,,,,,,,,,,,,,,,,,,,,,,
787,2003-02-27,,,,,,,,,,,,,,,,,,,,,,,,,,,,,,
788,2003-02-28,,,,,,,,,,,,,,,,,,,,,,,,,,,,,,
789,2003-03-01,,,,,,,,,,,,,,,,,,,,,,,,,,,,,,
790,2003-03-02,,,,,,,,,,,,,,,,,,,,,,,,,,,,,,
791,2003-03-03,,,,,,,,,,,,,,,,,,,,,,,,,,,,,,
792,2003-03-04,,,,,,,,,,,,,,,,,,,,,,,,,,,,,,
793,2003-03-05,,,,,,,,,,,,,,,,,,,,,,,,,,,,,,
794,2003-03-06,,,,,,,,,,,,,,,,,,,,,,,,,,,,,,
795,2003-03-07,,,,,,,,,,,,,,,,,,,,,,,,,,,,,,
796,2003-03-08,,,,,,,,,,,,,,,,,,,,,,,,,,,,,,
797,2003-03-09,,,,,,,,,,,,,,,,,,,,,,,,,,,,,,
798,2003-03-10,,,,,,,,,,,,,,,,,,,,,,,,,,,,,,
799,2003-03-11,,,,,,,,,,,,,,,,,,,,,,,,,,,,,,
800,2003-03-12,,,,,,,,,,,,,,,,,,,,,,,,,,,,,,
801,2003-03-13,,,,,,,,,,,,,,,,,,,,,,,,,,,,,,
802,2003-03-14,,,,,,,,,,,,,,,,,,,,,,,,,,,,,,
803,2003-03-15,,,,,,,,,,,,,,,,,,,,,,,,,,,,,,
804,2003-03-16,,,,,,,,,,,,,,,,,,,,,,,,,,,,,,
805,2003-03-17,,,,,,,,,,,,,,,,,,,,,,,,,,,,,,
806,2003-03-18,,,,,,,,,,,,,,,,,,,,,,,,,,,,,,
807,2003-03-19,,,,,,,,,,,,,,,,,,,,,,,,,,,,,,
808,2003-03-20,,,,,,,,,,,,,,,,,,,,,,,,,,,,,,
809,2003-03-21,,,,,,,,,,,,,,,,,,,,,,,,,,,,,,
810,2003-03-22,,,,,,1.0,,,,,,,,,,,,,,,,,,,,,,,,
811,2003-03-23,,,,,,,,,,,,,,,,,,,,,,,,,,,,,,
812,2003-03-24,,,,,,,,,,,,,,,,,,,,,,,,,,,,,,
813,2003-03-25,,,,,,,,,,,,,,,,,,,,,,,,,,,,,,
814,2003-03-26,,,,,,,,,,,,,,,,,,,,,,,,,,,,,,
815,2003-03-27,,,,,,,,,,,,,,,,,,,,,,,,,,,,,,
816,2003-03-28,,,,,,,,,,,,,,,,,,,,,,,,,,,,,,
817,2003-03-29,,,,,,,,,,,,,,,,,,,,,,,,,,,,,,
818,2003-03-30,,,,,,,,,,,,,,,,,,,,,,,,,,,,,,
819,2003-03-31,,,,,,,,,,,,,,,,,,,,,,,,,,,,,,
820,2003-04-01,,,,,,,,,,,,,,,,,,,,,,,,,,,,,,
821,2003-04-02,,,,,,,,,,,,,,,,,,,,,,,,,,,,,,
822,2003-04-03,,,,,,,,,,,,,,,,,,,,,,,,,,,,,,
823,2003-04-04,,,,,,,,,,,,,,,,,,,,,,,,,,,,,,
824,2003-04-05,,,,,,,,,,,,,,,,,,,,,,,,,,,,,,
825,2003-04-06,,,,,,,,,,,,,,,,,,,,,,,,,,,,,,
826,2003-04-07,,,,,,,,,,,,,,,,,,,,,,,,,,,,,,
827,2003-04-08,,,,,,,,,,,,,,,,,,,,,,,,,,,,,,
828,2003-04-09,,,,,,,,,,,,,,,,,,,,,,,,,,,,,,
829,2003-04-10,,,,,,,,,,,,,,,,,,,,,,,,,,,,,,
830,2003-04-11,,,,,,,,,,,,,,,,,,,,,,,,,,,,,,
831,2003-04-12,,,,,,,,,,,,,,,,,,,,,,,,,,,,,,
832,2003-04-13,,,,,,,,,,,,,,,,,,,,,,,,,,,,,,
833,2003-04-14,,,,,,,,,,,,,,,,,,,,,,,,,,,,,,
834,2003-04-15,,,,,,,,,,,,,,,,,,,,,,,,,,,,,,
835,2003-04-16,,,,,,,,,,,,,,,,,,,,,,,,,,,,,,
836,2003-04-17,,,,,,,,,,,,,,,,,,,,,,,,,,,,,,
837,2003-04-18,,,,,,,,,,,,,,,,,,,,,,,,,,,,,,
838,2003-04-19,,,,,,,,,,,,,,,,,,,,,,,,,,,,,,
839,2003-04-20,,,,,,,,,,,,,,,,,,,,,,,,,,,,,,
840,2003-04-21,,,,,,,,,,,,,,,,,,,,,,,,,,,,,,
841,2003-04-22,,,,,,,,,,,,,,,,,,,,,,,,,,,,,,
842,2003-04-23,,,,,,,,,,,,,,,,,,,,,,,,,,,,,,
843,2003-04-24,,,,,,,,,,,,,,,,,,,,,,,,,,,,,,
844,2003-04-25,,,,,,,,,,,,,,,,,,,,,,,,,,,,,,
845,2003-04-26,,,,,,,,,,,,,,,,,,,,,,,,,,,,,,
846,2003-04-27,,,,,,,,,,,,,,,,,,,,,,,,,,,,,,
847,2003-04-28,,,,,,,,,,,,,,,,,,,,,,,,,,,,,,
848,2003-04-29,,,,,,,,,,,,,,,,,,,,,,,,,,,,,,
849,2003-04-30,,,,,,,,,,,,,,,,,,,,,,,,,,,,,,
850,2003-05-01,,,,,,,,,,,,,,,,,,,,,,,,,,,,,,
851,2003-05-02,,,,,,,,,,,,,,,,,,,,,,,,,,,,,,
852,2003-05-03,,,,,,,,,,,,,,,,,,,,,,,,,,,,,,
853,2003-05-04,,,,,,,,,,,,,,,,,,,,,,,,,,,,,,
854,2003-05-05,,,,,,,,,,,,,,,,,,,,,,,,,,,,,,
855,2003-05-06,,,,,,,,,,,,,,,,,,,,,,,,,,,,,,
856,2003-05-07,,,,,,,,,,,,,,,,,,,,,,,,,,,,,,
857,2003-05-08,,,,,,,,,,,,,,,,,,,,,,,,,,,,,,
858,2003-05-09,,,,,,,,,,,,,,,,,,,,,,,,,,,,,,
859,2003-05-10,,,,,,,,,,,,,,,,,,,,,,,,,,,,,,
860,2003-05-11,,,,,,,,,,,,,,,,,,,,,,,,,,,,,,
861,2003-05-12,,,,,,,,,,,,,,,,,,,,,,,,,,,,,,
862,2003-05-13,,,,,,,,,,,,,,,,,,,,,,,,,,,,,,
863,2003-05-14,,,,,,,,,,,,,,,,,,,,,,,,,,,,,,
864,2003-05-15,,,,,,,,,,,,,,,,,,,,,,,,,,,,,,
865,2003-05-16,,,,,,,,,,,,,,,,,,,,,,,,,,,,,,
866,2003-05-17,,,,,,,,,,,,,,,,,,,,,,,,,,,,,,
867,2003-05-18,,,,,,,,,,,,,,,,,,,,,,,,,,,,,,
868,2003-05-19,,,,,,,,,,,,,,,,,,,,,,,,,,,,,,
869,2003-05-20,,,,,,,,,,,,,,,,,,,,,,,,,,,,,,
870,2003-05-21,,,,,,,,,,,,,,,,,,,,,,,,,,,,,,
871,2003-05-22,,,,,,,,,,,,,,,,,,,,,,,,,,,,,,
872,2003-05-23,,,,,,,,,,,,,,,,,,,,,,,,,,,,,,
873,2003-05-24,,,,,,,,,,,,,,,,,,,,,,,,,,,,,,
874,2003-05-25,,,,,,,,,,,,,,,,,,,,,,,,,,,,,,
875,2003-05-26,,,,,,,,,,,,,,,,,,,,,,,,,,,,,,
876,2003-05-27,,,,,,,,,,,,,,,,,,,,,,,,,,,,,,
877,2003-05-28,,,,,,,,,,,,,,,,,,,,,,,,,,,,,,
878,2003-05-29,,,,,,,,,,,,,,,,,,,,,,,,,,,,,,
879,2003-05-30,,,,,,,,,,,,,,,,,,,,,,,,,,,,,,
880,2003-05-31,,,,,,,,,,,,,,,,,,,,,,,,,,,,,,
881,2003-06-01,,,,,,,,,,,,,,,,,,,,,,,,,,,,,,
882,2003-06-02,,,,,,,,,,,,,,,,,,,,,,,,,,,,,,
883,2003-06-03,,,,,,,,,,,,,,,,,,,,,,,,,,,,,,
884,2003-06-04,,,,,,,,,,,,,,,,,,,,,,,,,,,,,,
885,2003-06-05,,,,,,,,,,,,,,,,,,,,,,,,,,,,,,
886,2003-06-06,,,,,,,,,,,,,,,,,,,,,,,,,,,,,,
887,2003-06-07,,,,,,,,,,,,,,,,,,,,,,,,,,,,,,
888,2003-06-08,,,,,,,,,,,,,,,,,,,,,,,,,,,,,,
889,2003-06-09,,,,,,,,,,,,,,,,,,,,,,,,,,,,,,
890,2003-06-10,,,,,,,,,,,,,,,,,,,,,,,,,,,,,,
891,2003-06-11,,,,,,,,,,,,,,,,,,,,,,,,,,,,,,
892,2003-06-12,,,,,,,,,,,,,,,,,,,,,,,,,,,,,,
893,2003-06-13,,,,,,,,,,,,,,,,,,,,,,,,,,,,,,
894,2003-06-14,,,,,,,,,,,,,,,,,,,,,,,,,,,,,,
895,2003-06-15,,,,,,,,,,,,,,,,,,,,,,,,,,,,,,
896,2003-06-16,,,,,,,,,,,,,,,,,,,,,,,,,,,,,,
897,2003-06-17,,,,,,,,,,,,,,,,,,,,,,,,,,,,,,
898,2003-06-18,,,,,,,,,,,,,,,,,,,,,,,,,,,,,,
899,2003-06-19,,,,,,,,,,,,,,,,,,,,,,,,,,,,,,
900,2003-06-20,,,,,,,,,,,,,,,,,,,,,,,,,,,,,,
901,2003-06-21,,,,,,,,,,,,,,,,,,,,,,,,,,,,,,
902,2003-06-22,,,,,,,,,,,,,,,,,,,,,,,,,,,,,,
903,2003-06-23,,,,,,,,,,,,,,,,,,,,,,,,,,,,,,
904,2003-06-24,,,,,,,,,,,,,,,,,,,,,,,,,,,,,,
905,2003-06-25,,,,,,,,,,,,,,,,,,,,,,,,,,,,,,
906,2003-06-26,,,,,,,,,,,,,,,,,,,,,,,,,,,,,,
907,2003-06-27,,,,,,,,,,,,,,,,,,,,,,,,,,,,,,
908,2003-06-28,,,,,,,,,,,,,,,,,,,,,,,,,,,,,,
909,2003-06-29,,,,,,,,,,,,,,,,,,,,,,,,,,,,,,
910,2003-06-30,,,,,,,,,,,,,,,,,,,,,,,,,,,,,,
911,2003-07-01,,,,,,,,,,,,,,,,,,,,,,,,,,,,,,
912,2003-07-02,,,,,,,,,,,,,,,,,,,,,,,,,,,,,,
913,2003-07-03,,,,,,,,,,,,,,,,,,,,,,,,,,,,,,
914,2003-07-04,,,,,,,,,,,,,,,,,,,,,,,,,,,,,,
915,2003-07-05,,,,,,,,,,,,,,,,,,,,,,,,,,,,,,
916,2003-07-06,,,,,,,,,,,,,,,,,,,,,,,,,,,,,,
917,2003-07-07,,,,,,,,,,,,,,,,,,,,,,,,,,,,,,
918,2003-07-08,,,,,,,,,,,,,,,,,,,,,,,,,,,,,,
919,2003-07-09,,,,,,,,,,,,,,,,,,,,,,,,,,,,,,
920,2003-07-10,,,,,,,,,,,,,,,,,,,,,,,,,,,,,,
921,2003-07-11,,,,,,,,,,,,,,,,,,,,,,,,,,,,,,
922,2003-07-12,,,,,,,,,,,,,,,,,,,,,,,,,,,,,,
923,2003-07-13,,,,,,,,,,,,,,,,,,,,,,,,,,,,,,
924,2003-07-14,,,,,,,,,,,,,,,,,,,,,,,,,,,,,,
925,2003-07-15,,,,,,,,,,,,,,,,,,,,,,,,,,,,,,
926,2003-07-16,,,,,,,,,,,,,,,,,,,,,,,,,,,,,,
927,2003-07-17,,,,,,,,,,,,,,,,,,,,,,,,,,,,,,
928,2003-07-18,,,,,,,,,,,,,,,,,,,,,,,,,,,,,,
929,2003-07-19,,,,,,,,,,,,,,,,,,,,,,,,,,,,,,
930,2003-07-20,,,,,,,,,,,,,,,,,,,,,,,,,,,,,,
931,2003-07-21,,,,,,,,,,,,,,,,,,,,,,,,,,,,,,
932,2003-07-22,,,,,,,,,,,,,,,,,,,,,,,,,,,,,,
933,2003-07-23,,,,,,,,,,,,,,,,,,,,,,,,,,,,,,
934,2003-07-24,,,,,,,,,,,,,,,,,,,,,,,,,,,,,,
935,2003-07-25,,,,,,,,,,,,,,,,,,,,,,,,,,,,,,
936,2003-07-26,,,,,,,,,,,,,,,,,,,,,,,,,,,,,,
937,2003-07-27,,,,,,,,,,,,,,,,,,,,,,,,,,,,,,
938,2003-07-28,,,,,,,,,,,,,,,,,,,,,,,,,,,,,,
939,2003-07-29,,,,,,,,,,,,,,,,,,,,,,,,,,,,,,
940,2003-07-30,,,,,,,,,,,,,,,,,,,,,,,,,,,,,,
941,2003-07-31,,,,,,,,,,,,,,,,,,,,,,,,,,,,,,
942,2003-08-01,,,,,,,,,,,,,,,,,,,,,,,,,,,,,,
943,2003-08-02,,,,,,,,,,,,,,,,,,,,,,,,,,,,,,
944,2003-08-03,,,,,,,,,,,,,,,,,,,,,,,,,,,,,,
945,2003-08-04,,,,,,,,,,,,,,,,,,,,,,,,,,,,,,
946,2003-08-05,,,,,,,,,,,,,,,,,,,,,,,,,,,,,,
947,2003-08-06,,,,,,,,,,,,,,,,,,,,,,,,,,,,,,
948,2003-08-07,,,,,,1.0,,,,,,,,,,,,,,,,,,,,,,,,
949,2003-08-08,,,,,,,,,,,,,,,,,,,,,,,,,,,,,,
950,2003-08-09,,,,,,,,,,,,,,,,,,,,,,,,,,,,,,
951,2003-08-10,,,,,,,,,,,,,,,,,,,,,,,,,,,,,,
952,2003-08-11,,,,,,,,,,,,,,,,,,,,,,,,,,,,,,
953,2003-08-12,,,,,,,,,,,,,,,,,,,,,,,,,,,,,,
954,2003-08-13,,,,,,,,,,,,,,,,,,,,,,,,,,,,,,
955,2003-08-14,,,,,,,,,,,,,,,,,,,,,,,,,,,,,,
956,2003-08-15,,,,,,,,,,,,,,,,,,,,,,,,,,,,,,
957,2003-08-16,,,,,,,,,,,,,,,,,,,,,,,,,,,,,,
958,2003-08-17,,,,,,,,,,,,,,,,,,,,,,,,,,,,,,
959,2003-08-18,,,,,,,,,,,,,,,,,,,,,,,,,,,,,,
960,2003-08-19,,,,,,,,,1.0,,,,,,,,,,,,,,,,,,,,,
961,2003-08-20,,,,,,,,,,,,,,,,,,,,,,,,,,,,,,
962,2003-08-21,,,,,,,,,,,,,,,,,,,,,,,,,,,,,,
963,2003-08-22,,,,,,,,,,,,,,,,,,,,,,,,,,,,,,
964,2003-08-23,,,,,,,,,,,,,,,,,,,,,,,,,,,,,,
965,2003-08-24,,,,,,,,,,,,,,,,,,,,,,,,,,,,,,
966,2003-08-25,,,,,,,,,,,,,,,,,,,,,,,,,,,,,,
967,2003-08-26,,,,,,,,,,,,,,,,,,,,,,,,,,,,,,
968,2003-08-27,,,,,,,,,,,,,,,,,,,,,,,,,,,,,,
969,2003-08-28,,,,,,,,,,,,,,,,,,,,,,,,,,,,,,
970,2003-08-29,,1.0,,,,,,,,,,,,,,,,,,,,,,,,,,,,
971,2003-08-30,,,,,,,,,,,,,,,,,,,,,,,,,,,,,,
972,2003-08-31,,,,,,,,,,,,,,,,,,,,,,,,,,,,,,
973,2003-09-01,,,,,,,,,,,,,,,,,,,,,,,,,,,,,,
974,2003-09-02,,,,,,,,,,,,,,,,,,,,,,,,,,,,,,
975,2003-09-03,,,,,,,,,,,,,,,,,,,,,,,,,,,,,,
976,2003-09-04,,,,,,,,,,,,,,,,,,,,,,,,,,,,,,
977,2003-09-05,,,,,,,,,,,,,,,,,,,,,,,,,,,,,,
978,2003-09-06,,,,,,,,,,,,,,,,,,,,,,,,,,,,,,
979,2003-09-07,,,,,,,,,,,,,,,,,,,,,,,,,,,,,,
980,2003-09-08,,,,,,,,,,,,,,,,,,,,,,,,,,,,,,
981,2003-09-09,,,,,,,,,,,,,,,,,,,,,,,,,,,,,,
982,2003-09-10,,1.0,,,,,,,,,,,,,,,,,,,,,,,,,,,,
983,2003-09-11,,,,,,,,,,,,,,,,,,,,,,,,,,,,,,
984,2003-09-12,,,,,,,,,,,,,,,,,,,,,,,,,,,,,,
985,2003-09-13,,,,,,,,,,,,,,,,,,,,,,,,,,,,,,
986,2003-09-14,,,,,,,,,,,,,,,,,,,,,,,,,,,,,,
987,2003-09-15,,,,,,,,,,,,,,,,,,,,,,,,,,,,,,
988,2003-09-16,,,,,,,,,,,,,,,,,,,,,,,,,,,,,,
989,2003-09-17,,,,,,,,,,,,,,,,,,,,,,,,,,,,,,
990,2003-09-18,,,,,,,,,,,,,,,,,,,,,,,,,,,,,,
991,2003-09-19,,,,,,,,,,,,,,,,,,,,,,,,,,,,,,
992,2003-09-20,,,,,,,,,,,,,,,,,,,,,,,,,,,,,,
993,2003-09-21,,,,,,,,,,,,,,,,,,,,,,,,,,,,,,
994,2003-09-22,,,,,,,,,,,,,,,,,,,,,,,,,,,,,,
995,2003-09-23,,,,,,,,,,,,,,,,,,,,,,,,,,,,,,
996,2003-09-24,,,,,,,,,,,,,,,,,,,,,,,,,,,,,,
997,2003-09-25,,,,,,,,,,,,,,,,,,,,,,,,,,,,,,
998,2003-09-26,,,,,,,,,,,,,,,,,,,,,,,,,,,,,,
999,2003-09-27,,,,,,,,,,,,,,,,,,,,,,,,,,,,,,
1000,2003-09-28,,,,,,,,,,,,,,,,,,,,,,,,,,,,,,
1001,2003-09-29,,,,,,,,,,,,,,,,,,,,,,,,,,,,,,
1002,2003-09-30,,,,,,,,,,,,,,,,,,,,,,,,,,,,,,
1003,2003-10-01,,,,,,,,,,,,,,,,,,,,,,,,,,,,,,
1004,2003-10-02,,,,,,,,,,,,,,,,,,,,,,,,,,,,,,
1005,2003-10-03,,,,,,,,,,,,,,,,,,,,,,,,,,,,,,
1006,2003-10-04,,,,,,,,,,,,,,,,,,,,,,,,,,,,,,
1007,2003-10-05,,,,,,,,,,,,,,,,,,,,,,,,,,,,,,
1008,2003-10-06,,,,,,,,,,,,,,,,,,,,,,,,,,,,,,
1009,2003-10-07,,,,,,,,,,,,,,,,,,,,,,,,,,,,,,
1010,2003-10-08,,,,,,,,,,,,,,,,,,,,,,,,,,,,,,
1011,2003-10-09,,,,,,,,,,,,,,,,,,,,,,,,,,,,,,
1012,2003-10-10,,,,,,,,,,,,,,,,,,,,,,,,,,,,,,
1013,2003-10-11,,,,,,,,,,,,,,,,,,,,,,,,,,,,,,
1014,2003-10-12,,,1.0,,,,,,,,,,,,,,,,,,,,,,,,,,,
1015,2003-10-13,,,,,,,,,,,,,,,,,,,,,,,,,,,,,,
1016,2003-10-14,,,,,,,,,,,,,,,,,,,,,,,,,,,,,,
1017,2003-10-15,,,,,,,,,,,,,,,,,,,,,,,,,,,,,,
1018,2003-10-16,,,,,,,,,,,,,,,,,,,,,,,,,,,,,,
1019,2003-10-17,,,,,,,,,,,,,,,,,,,,,,,,,,,,,,
1020,2003-10-18,,,,,,,,,,,,,,,,,,,,,,,,,,,,,,
1021,2003-10-19,,,,,,,,,,,,,,,,,,,,,,,,,,,,,,
1022,2003-10-20,,,,,,,,,,,,,,,,,,,,,,,,,,,,,,
1023,2003-10-21,,,,,,,,,,,,,,,,,,,,,,,,,,,,,,
1024,2003-10-22,,,,,,,,,,,,,,,,,,,,,,,,,,,,,,
1025,2003-10-23,,,,,,,,,,,,,,,,,,,,,,,,,,,,,,
1026,2003-10-24,,,,,,,,,,,,,,,,,,,,,,,,,,,,,,
1027,2003-10-25,,,,,,,,,,,,,,,,,,,,,,,,,,,,,,
1028,2003-10-26,,,,,,,,,,,,,,,,,,,,,,,,,,,,,,
1029,2003-10-27,,,,,,,,,,,,,,,,,,,,,,,,,,,,,,
1030,2003-10-28,,,,,,,,,,,,,,,,,,,,,,,,,,,,,,
1031,2003-10-29,,,,,,,,,,,,,,,,,,,,,,,,,,,,,,
1032,2003-10-30,,,,,,,,,,,,,,,,,,,,,,,,,,,,,,
1033,2003-10-31,,,,,,,,,,,,,,,,,,,,,,,,,,,,,,
1034,2003-11-01,,,,,,,,,,,,,,,,,,,,,,,,,,,,,,
1035,2003-11-02,,,,,,,,,,,,,,,,,,,,,,,,,,,,,,
1036,2003-11-03,,,,,,,,,,,,,,,,,,,,,,,,,,,,,,
1037,2003-11-04,,,,,,,,,,,,,,,,,,,,,,,,,,,,,,
1038,2003-11-05,,,,,,,,,,,,,,,,,,,,,,,,,,,,,,
1039,2003-11-06,,,,,,,,,,,,,,,,,,,,,,,,,,,,,,
1040,2003-11-07,,,,,,,,,,,,,,,,,,,,,,,,,,,,,,
1041,2003-11-08,,,,,,,,,,,,,,,,,,,,,,,,,,,,,,
1042,2003-11-09,,,,,,,,,,,,,,,,,,,,,,,,,,,,,,
1043,2003-11-10,,,,,,,,,,,,,,,,,,,,,,,,,,,,,,
1044,2003-11-11,,,,,,,,,,,,,,,,,,,,,,,,,,,,,,
1045,2003-11-12,,,,,,,,,,,,,,,,,,,,,,,,,,,,,,
1046,2003-11-13,,,,,,,,,,,,,,,,,,,,,,,,,,,,,,
1047,2003-11-14,,,,,,,,,,,,,,,,,,,,,,,,,,,,,,
1048,2003-11-15,,,,,,,,,,,,,,,,,,,,,,,,,,,,,,
1049,2003-11-16,,,,,,,,,,,,,,,,,,,,,,,,,,,,,,
1050,2003-11-17,,,,,,,,,,,,,,,,,,,,,,,,,,,,,,
1051,2003-11-18,,,,,,,,,,,,,,,,,,,,,,,,,,,,,,
1052,2003-11-19,,,,,,,,,,,,,,,,,,,,,,,,,,,,,,
1053,2003-11-20,,,,,,,,,,,,,,,,,,,,,,,,,,,,,,
1054,2003-11-21,,,,,,,,,,,,,,,,,,,,,,,,,,,,,,
1055,2003-11-22,,,,,,,,,,,,,,,,,,,,,,,,,,,,,,
1056,2003-11-23,,,,,,,,,,,,,,,,,,,,,,,,,,,,,,
1057,2003-11-24,,,,,,,,,,,,,,,,,,,,,,,,,,,,,,
1058,2003-11-25,,,,,,,,,,,,,,,,,,,,,,,,,,,,,,
1059,2003-11-26,,,,,,,,,,,,,,,,,,,,,,,,,,,,,,
1060,2003-11-27,,,,,,,,,,,,,,,,,,,,,,,,,,,,,,
1061,2003-11-28,,,,,,,,,,,,,,,,,,,,,,,,,,,,,,
1062,2003-11-29,,,,,,,,,,,,,,,,,,,,,,,,,,,,,,
1063,2003-11-30,,,,,,,,,,,,,,,,,,,,,,,,,,,,,,
1064,2003-12-01,,,,,,,,,,,,,,,,,,,,,,,,,,,,,,
1065,2003-12-02,,,,,,,,,,,,,,,,,,,,,,,,,,,,,,
1066,2003-12-03,,,,,,,,,,,,,,,,,,,,,,,,,,,,,,
1067,2003-12-04,,,,,,,,,,,,,,,,,,,,,,,,,,,,,,
1068,2003-12-05,,,,,,,,,,,,,,,,,,,,,,,,,,,,,,
1069,2003-12-06,,,,,,,,,,,,,,,,,,,,,,,,,,,,,,
1070,2003-12-07,,,,,,,,,,,,,,,,,,,,,,,,,,,,,,
1071,2003-12-08,,,,,,,,,,,,,,,,,,,,,,,,,,,,,,
1072,2003-12-09,,,,,,,,,,,,,,,,,,,,,,,,,,,,,,
1073,2003-12-10,,,,,,,,,,,,,,,,,,,,,,,,,,,,,,
1074,2003-12-11,,,,,,,,,,,,,,,,,,,,,,,,,,,,,,
1075,2003-12-12,,,,,,,,,,,,,,,,,,,,,,,,,,,,,,
1076,2003-12-13,,,,,,,,,,,,,,,,,,,,,,,,,,,,,,
1077,2003-12-14,,,,,,,,,,,,,,,,,,,,,,,,,,,,,,
1078,2003-12-15,,,,,,,,,,,,,,,,,,,,,,,,,,,,,,
1079,2003-12-16,,,,,,,,,,,,,,,,,,,,,,,,,,,,,,
1080,2003-12-17,,,,,,,,,,,,,,,,,,,,,,,,,,,,,,
1081,2003-12-18,,,,,,,,,,,,,,,,,,,,,,,,,,,,,,
1082,2003-12-19,,,,,,,,,,,,,,,,,,,,,,,,,,,,,,
1083,2003-12-20,,,,,,,,,,,,,,,,,,,,,,,,,,,,,,
1084,2003-12-21,,,,,,,,,,,,,,,,,,,,,,,,,,,,,,
1085,2003-12-22,,,,,,,,,,,,,,,,,,,,,,,,,,,,,,
1086,2003-12-23,,,,,,,,,,,,,,,,,,,,,,,,,,,,,,
1087,2003-12-24,,,,,,,,,,,,,,,,,,,,,,,,,,,,,,
1088,2003-12-25,,,,,,,,,,,,,,,,,,,,,,,,,,,,,,
1089,2003-12-26,,,,,,,,,,,,,,,,,,,,,,,,,,,,,,
1090,2003-12-27,,,,,,,,,,,,,,,,,,,,,,,,,,,,,,
1091,2003-12-28,,,,,,,,,,,,,,,,,,,,,,,,,,,,,,
1092,2003-12-29,,,,,,,,,,,,,,,,,,,,,,,,,,,,,,
1093,2003-12-30,,,,,,,,,,,,,,,,,,,,,,,,,,,,,,
1094,2003-12-31,,,,,,,,,,,,,,,,,,,,,,,,,,,,,,
1095,2004-01-01,,,,,,,,,,,,,,,,,,,,,,,,,,,,,,
1096,2004-01-02,,,,,,,,,,,,,,,,,,,,,,,,,,,,,,
1097,2004-01-03,,,,,,,,,,,,,,,,,,,,,,,,,,,,,,
1098,2004-01-04,,,,,,,,,,,,,,,,,,,,,,,,,,,,,,
1099,2004-01-05,,,,,,,,,,,,,,,,,,,,,,,,,,,,,,
1100,2004-01-06,,,,,,,,,,,,,,,,,,,,,,,,,,,,,,
1101,2004-01-07,,,,,,,,,,,,,,,,,,,,,,,,,,,,,,
1102,2004-01-08,,,,,,,,,,,,,,,,,,,,,,,,,,,,,,
1103,2004-01-09,,,,,,,,,,,,,,,,,,,,,,,,,,,,,,
1104,2004-01-10,,,,,,,,,,,,,,,,,,,,,,,,,,,,,,
1105,2004-01-11,,,,,,,,,,,,,,,,,,,,,,,,,,,,,,
1106,2004-01-12,,,,,,,,,,,,,,,,,,,,,,,,,,,,,,
1107,2004-01-13,,,,,,,,,,,,,,,,,,,,,,,,,,,,,,
1108,2004-01-14,,,,,,,,,,,,,,,,,,,,,,,,,,,,,,
1109,2004-01-15,,,,,,,,,,,,,,,,,,,,,,,,,,,,,,
1110,2004-01-16,,,,,,,,,,,,,,,,,,,,,,,,,,,,,,
1111,2004-01-17,,,,,,,,,,,,,,,,,,,,,,,,,,,,,,
1112,2004-01-18,,,,,,,,,,,,,,,,,,,,,,,,,,,,,,
1113,2004-01-19,,,,,,,,,,,,,,,,,,,,,,,,,,,,,,
1114,2004-01-20,,,,,,,,,,,,,,,,,,,,,,,,,,,,,,
1115,2004-01-21,,,,,,,,,,,,,,,,,,,,,,,,,,,,,,
1116,2004-01-22,,,,,,,,,,,,,,,,,,,,,,,,,,,,,,
1117,2004-01-23,,,,,,,,,,,,,,,,,,,,,,,,,,,,,,
1118,2004-01-24,,,,,,,,,,,,,,,,,,,,,,,,,,,,,,
1119,2004-01-25,,,,,,,,,,,,,,,,,,,,,,,,,,,,,,
1120,2004-01-26,,,,,,,,,,,,,,,,,,,,,,,,,,,,,,
1121,2004-01-27,,,,,,,,,,,,,,,,,,,,,,,,,,,,,,
1122,2004-01-28,,,,,,,,,,,,,,,,,,,,,,,,,,,,,,
1123,2004-01-29,,,,,,,,,,,,,,,,,,,,,,,,,,,,,,
1124,2004-01-30,,,,,,,,,,,,,,,,,,,,,,,,,,,,,,
1125,2004-01-31,,,,,,,,,,,,,,,,,,,,,,,,,,,,,,
1126,2004-02-01,,,,,,,,,,,,,,,,,,,,,,,,,,,,,,
1127,2004-02-02,,,,,,,,,,,,,,,,,,,,,,,,,,,,,,
1128,2004-02-03,,,,,,,,,,,,,,,,,,,,,,,,,,,,,,
1129,2004-02-04,,,,,,,,,,,,,,,,,,,,,,,,,,,,,,
1130,2004-02-05,,,,,,,,,,,,,,,,,,,,,,,,,,,,,,
1131,2004-02-06,,,,,,,,,,,,,,,,,,,,,,,,,,,,,,
1132,2004-02-07,,,,,,,,,,,,,,,,,,,,,,,,,,,,,,
1133,2004-02-08,,,,,,,,,,,,,,,,,,,,,,,,,,,,,,
1134,2004-02-09,,,,,,,,,,,,,,,,,,,,,,,,,,,,,,
1135,2004-02-10,,1.0,,,,,,,,,,,,,,,,,,,,,,,,,,,,
1136,2004-02-11,,,,,,,,,,,,,,,,,,,,,,,,,,,,,,
1137,2004-02-12,,,,,,,,,,,,,,,,,,,,,,,,,,,,,,
1138,2004-02-13,,,,,,,,,,,,,,,,,,,,,,,,,,,,,,
1139,2004-02-14,,,,,,,,,,,,,,,,,,,,,,,,,,,,,,
1140,2004-02-15,,,,,,,,,,,,,,,,,,,,,,,,,,,,,,
1141,2004-02-16,,,,,,,,,,,,,,,,,,,,,,,,,,,,,,
1142,2004-02-17,,,,,,,,,,,,,,,,,,,,,,,,,,,,,,
1143,2004-02-18,,2.0,,,,,,,,,,,,,,,,,,,,,,,,,,,,
1144,2004-02-19,,,,,,,,,,,,,,,,,,,,,,,,,,,,,,
1145,2004-02-20,,,,,,,,,,,,,,,,,,,,,,,,,,,,,,
1146,2004-02-21,,,,,,,,,,,,,,,,,,,,,,,,,,,,,,
1147,2004-02-22,,,,,,,,,,,,,,,,,,,,,,,,,,,,,,
1148,2004-02-23,,,,,,,,,,,,,,,,,,,,,,,,,,,,,,
1149,2004-02-24,,,,,,,,,,,,,,,,,,,,,,,,,,,,,,
1150,2004-02-25,,,,,,,,,,,,,,,,,,,,,,,,,,,,,,
1151,2004-02-26,,,,,,,,,,,,,,,,,,,,,,,,,,,,,,
1152,2004-02-27,,,,,,,,,,,,,,,,,,,,,,,,,,,,,,
1153,2004-02-28,,,,,,,,,,,,,,,,,,,,,,,,,,,,,,
1154,2004-02-29,,,,,,,,,,,,,,,,,,,,,,,,,,,,,,
1155,2004-03-01,,,,,,,,,,,,,,,,,,,,,,,,,,,,,,
1156,2004-03-02,,2.0,,,,,,,,,,,,,,,,,,,,,,,,,,,,
1157,2004-03-03,,,,,,,,,,,,,,,,,,,,,,,,,,,,,,
1158,2004-03-04,,,,,,,,,,,,,,,,,,,,,,,,,,,,,,
1159,2004-03-05,,,,,,,,,,,,,,,,,,,,,,,,,,,,,,
1160,2004-03-06,,,,,,,,,,,,,,,,,,,,,,,,,,,,,,
1161,2004-03-07,,,,,,,,,,,,,,,,,,,,,,,,,,,,,,
1162,2004-03-08,,,,,,,,,,,,,,,,,,,,,,,,,,,,,,
1163,2004-03-09,,,,,,,,,,,,,,,,,,,,,,,,,,,,,,
1164,2004-03-10,,,,,,,,,,,,,,,,,,,,,,,,,,,,,,
1165,2004-03-11,,,,,,,,,,,,,,,,,,,,,,,,,,,,,,
1166,2004-03-12,,,,,,,,,,,,,,,,,,,,,,,,,,,,,,
1167,2004-03-13,,,,,,,,,,,,,,,,,,,,,,,,,,,,,,
1168,2004-03-14,,,,,,,,,,,,,,,,,,,,,,,,,,,,,,
1169,2004-03-15,,,,,,,,,,,,,,,,,,,,,,,,,,,,,,
1170,2004-03-16,,,,,,,,,,,,,,,,,,,,,,,,,,,,,,
1171,2004-03-17,,1.0,,,,,,,,,,,,,,,,,,,,,,,,,,,,
1172,2004-03-18,,,,,,,,,,,,,,,,,,,,,,,,,,,,,,
1173,2004-03-19,,,,,,,,,,,,,,,,,,,,,,,,,,,,,,
1174,2004-03-20,,,,,,,,,,,,,,,,,,,,,,,,,,,,,,
1175,2004-03-21,,,,,,,,,,,,,,,,,,,,,,,,,,,,,,
1176,2004-03-22,,,,,,,,,,,,,,,,,,,,,,,,,,,,,,
1177,2004-03-23,,,,,,,,,,,,,,,,,,,,,,,,,,,,,,
1178,2004-03-24,,,,,,,,,,,,,,,,,,,,,,,,,,,,,,
1179,2004-03-25,,,,,,,,,,,,,,,,,,,,,,,,,,,,,,
1180,2004-03-26,,,,,,,,,,,,,,,,,,,,,,,,,,,,,,
1181,2004-03-27,,,,,,,,,,,,,,,,,,,,,,,,,,,,,,
1182,2004-03-28,,,,,,,,,,,,,,,,,,,,,,,,,,,,,,
1183,2004-03-29,,,,,,,,,,,,,,,,,,,,,,,,,,,,,,
1184,2004-03-30,,,,,,,,,,,,,,,,,,,,,,,,,,,,,,
1185,2004-03-31,,,,,,,,,,,,,,,,,,,,,,,,,,,,,,
1186,2004-04-01,,,,,,,,,,,,,,,,,,,,,,,,,,,,,,
1187,2004-04-02,,,,,,,,,,,,,,,,,,,,,,,,,,,,,,
1188,2004-04-03,,,,,,,,,,,,,,,,,,,,,,,,,,,,,,
1189,2004-04-04,,,,,,,,,,,,,,,,,,,,,1.0,,,,,,,,,
1190,2004-04-05,,,,,,,,,,,,,,,,,,,,,,,,,,,,,,
1191,2004-04-06,,,,,,,,,,,,,,,,,,,,,,,,,,,,,,
1192,2004-04-07,,,,,1.0,,,,,,,,,,,,,,,,1.0,,,,,,,,,
1193,2004-04-08,,,,,,,,,,,,,,,,,,,,,,,,,,,,,,
1194,2004-04-09,,,,,,,,,,,,,,,,,,,,,,,1.0,,1.0,,,,,
1195,2004-04-10,,1.0,,,,,,,,,,,,,,,,,,,,,,,,,,,,
1196,2004-04-11,,,,,,,,,,,,,,,,,,,,,,,,,,,,,,
1197,2004-04-12,,,,,,,,,,,,,,,,,,,,,,,,,,,,,,
1198,2004-04-13,,,,,,,,,,,,,,,,,,,,,,,,,,,,,,
1199,2004-04-14,,,,,,,,,,,,,,,,,,,,,,,,,,,,,,
1200,2004-04-15,,,,,,,,,,,,,,,,,,,,,,,,,,,,,,
1201,2004-04-16,,,,,,,,,,,,,,,,,,,,,,,,,,,,,,
1202,2004-04-17,,,,,,,,,,,,,,,,,,,,,,,,,,,,,,
1203,2004-04-18,,,,,,,,,,,,,,,,,,,,,,,,,,,,,,
1204,2004-04-19,,,,,,,,,,,,,,,,,,,,,,,,,,,,,,
1205,2004-04-20,,,,,,,,,,,,,,,,,,,,,,,,,,,,,,
1206,2004-04-21,,1.0,,,,,,,,,,,,,,,,,,,,,,,,,,,,
1207,2004-04-22,,,,,,,,,,,,,,,,,,,,,,,,,,,,,,
1208,2004-04-23,,,,,,,,,,,,,,,,,,,,,,,,,,,,,,
1209,2004-04-24,,2.0,,,,,,,,,,,,,,,,,,,,,,,,,,,,
1210,2004-04-25,,,,,,,,,,,,,,,,,,,,,,,,,,,,,,
1211,2004-04-26,,,,,,,,,,,,,,,,,,,,,,,,,,,,,,
1212,2004-04-27,,,,,,,,,,,,,,,,,,,,,,,,,,,,,,
1213,2004-04-28,,,,,,,,,,,,,,,,,,,,,,,,,,,,,,
1214,2004-04-29,,,,,,,,,,,,,,,,,,,,,,,,,,,,,,
1215,2004-04-30,,,,,,,,,,,,,,,,,,,,,,,,,,,,,,
1216,2004-05-01,,,,,,,,,,,,,,,,,,,,,,,,,,,,,,
1217,2004-05-02,,,,,,,,,,,,,,,,,,,,,,,,,,,,,,
1218,2004-05-03,,,,,,,,,,,,,,,,,,,,,,,,,,,,,,
1219,2004-05-04,,,,,,,,,,,,,,,,,,,,,,,,,,,,,,
1220,2004-05-05,,,,,,,,,,,,,,,,,,,,,,,,,,,,,,
1221,2004-05-06,,1.0,,,,,,,,,,,,,,,,,,,,,,,,,,,,
1222,2004-05-07,,,,,,,,,,,,,,,,,,,,,,,,,,,,,,
1223,2004-05-08,,,,,,,,,,,,,,,,,,,,,,,,,,,,,,
1224,2004-05-09,,,,,,,,,,,,,,,,,,,,,,,,,,,,,,
1225,2004-05-10,,,,,,,,,,,,,,,,,1.0,,,,,,,,,,,,,
1226,2004-05-11,,,,,,,,,,,,,,,,,,,,,,,,,,,,,,
1227,2004-05-12,,,,,,,,,,,,,,,,,,,,,,,,,,,,,,
1228,2004-05-13,,,,,,,,,,,,,,,,,,,,,,,,,,,,,,
1229,2004-05-14,,,,,,,,,,,,,,,,,,,,,,,,,,,,,,
1230,2004-05-15,,,,,,,,,,,,,,,,,,,,,,,,,,,,,,
1231,2004-05-16,,,,,,,,,,,,,,,,,,,,,,,,,,,,,,
1232,2004-05-17,,,,,,,,,,,,,,,,,,,,,,,,,,,,,,
1233,2004-05-18,,,,,,,,,,,,,,,,,,,,,,,,,,,,,,
1234,2004-05-19,,,,,,,,,,,,,,,,,,,,,,,,,,,,,,
1235,2004-05-20,,,,,,,,,,,,,,,,,,,,,,,,,,,,,,
1236,2004-05-21,,,,,,,,,,,,,,,,,,,,,,,,,,,,,,
1237,2004-05-22,,1.0,,,,,,,,,,,,,,,,,,,,,,,,,,,,
1238,2004-05-23,,,,,,,,,,,,,,,,,,,,,,,,,,,,,,
1239,2004-05-24,,,,,,,,,,,,,,,,,,,,,,,,,,,,,,
1240,2004-05-25,,,,,,,,,,,,,,,,,,,,,,,,,,,,,,
1241,2004-05-26,,,,,,,,,,,,,,,,,,,,,,,,,,,,,,
1242,2004-05-27,,,,,,,,,,,,,,,,,,,,,,,,,,,,,,
1243,2004-05-28,,,,,,,,,,,,,,,,,,,,,,,,,,,,,,
1244,2004-05-29,,,,,,,,,,,,,,,,,,,,,,,,,,,,,,
1245,2004-05-30,,,,,,,,,,,,,,,,,,,,,,,,,,,,,,
1246,2004-05-31,,,,,,,,,,,,,,,,,,,,,,,,,,,,,,
1247,2004-06-01,,,,,,,,,,,,,,,,,,,,,,,,,,,,,,
1248,2004-06-02,,,,,,,,,,,,,,,,,,,,,,,,,,,,,,
1249,2004-06-03,,,,,,,,,,,,,,,,,,,,,,,,,,,,,,
1250,2004-06-04,,,,,,,,,,,,,,,,,,,,,,,,,,,,,,
1251,2004-06-05,,1.0,,,,,,,,,,,,,,,,,,,,,,,,,,,,
1252,2004-06-06,,1.0,,,,,,,,,,,,,,,,,,,,,,,,,,,,
1253,2004-06-07,,,,,,,,,,,,,,,,,,,,,,,,,,,,,,
1254,2004-06-08,,,,,,,,,,,,,,,,,,,,,,,,,,,,,,
1255,2004-06-09,,,,,,,,,,,,,,,,,,,,,,,,,,,,,,
1256,2004-06-10,,,,,,,,,,,,,,,,,,,,,,,,,,,,,,
1257,2004-06-11,,,,,,,,,,,,,,,,,,,,,,,,,,,,,,
1258,2004-06-12,,,,,,,,,,,,,,,,,,,,,,,,,,,,,,
1259,2004-06-13,,,,,,,,,,,,,,,,,,,,,,,,,,,,,,
1260,2004-06-14,,,,,,,,,,,,,,,,,,,,,,,,,,,,,,
1261,2004-06-15,,,,,,,,,,,,,,,,,,,,,,,,,,,,,,
1262,2004-06-16,,,,,,,,,,,,,,,,,,,,,,,,,,,,,,
1263,2004-06-17,,,,,,,,,,,,,,,,,,,,,,,,,,,,,,
1264,2004-06-18,,,,,,,,,,,,,,,,,,,,,,,,,,,,,,
1265,2004-06-19,,,,,,,,,,,,,,,,,,,,,,,,,,,,,,
1266,2004-06-20,,,,,,,,,,,,,,,,,,,,,,,,,,,,,,
1267,2004-06-21,,,,,,,,,,,,,,,,,,,,,,,,,,,,,,
1268,2004-06-22,,1.0,,,,,,,,,,,,,,,,,,,,,,,,,,,,
1269,2004-06-23,,,,,,,,,,,,,,,,,,,,,,,,,,,,,,
1270,2004-06-24,,2.0,,,,,,,,,,,,,,,,,,,,,,,,,,,,
1271,2004-06-25,,,,,,,,,,,,,,,,,,,,,,,,,,,,,,
1272,2004-06-26,,1.0,,,,,,,,,,,,,,,,,,,,,,,,,,,,
1273,2004-06-27,,,,,,,,,,,,,,,,,,,,,,,,,,,,,,
1274,2004-06-28,,,,,,,,,,,,,,,,,,,,,,,,,,,,,,
1275,2004-06-29,,,,,,,,,,,,,,,,,,,,,,,,,,,,,,
1276,2004-06-30,,,,,,,,,,,,,,,,,,,,,,,,,,,,,,
1277,2004-07-01,,2.0,,,,,,,,,,,,,,,,,,,,,,,,,,,,
1278,2004-07-02,,,,,,,,,,,,,,,,,,,,,,,,,,,,,,
1279,2004-07-03,,,,,,,,,,,,,,,,,,,,,,,,,,,,,,
1280,2004-07-04,,,,,,,,,,,,,,,,,,,,,,,,,,,,,,
1281,2004-07-05,,,,,,,,,,,,,,,,,,,,,,,,,,,,,,
1282,2004-07-06,,,,,,,,,,,,,,,,,,,,,,,,,,,,,,
1283,2004-07-07,,1.0,,,,,,,,,,,,,,,,,1.0,,,,,,,,,,,
1284,2004-07-08,,1.0,,,,,,,,,,,,,,,,,,,,,,,,,,,,
1285,2004-07-09,,,,,,,,,,,,,,,,,,,,,,,,,,,,,,
1286,2004-07-10,,,,,,,,,,,,,,,,,,,,,,,,,,,,,,
1287,2004-07-11,,,,,,,,,,,,,,,,,,,,,,,,,,,,,,
1288,2004-07-12,,,,,,,,,,,,,,,,,,,,,,,,,,,,,,
1289,2004-07-13,,,,,,,,,,,,,,,,,,,,,,,,,,,,,,
1290,2004-07-14,,,,,,,,,,,,,,,,,,,,,,,,,,,,,,
1291,2004-07-15,,,,,,,,,,,,,,,,,,,,,,,,,,,,,,
1292,2004-07-16,,,,,,,,,,,,,,,,,,,,,,,,,,,,,,
1293,2004-07-17,,2.0,,,,,,,,,,,,,,,,,,,,,,,,,,,,
1294,2004-07-18,,,,,,,,,,,,,,,,,,,,,,,,,,,,,,
1295,2004-07-19,,,,,,,,,,,,,,,,,,,,,,,,,,,,,,
1296,2004-07-20,,,,,,,,,,,,,,,,,,,,,,,,,,,,,,
1297,2004-07-21,,,,,,,,,,,,1.0,,,,,,,,,,,,,,,,,,
1298,2004-07-22,,,,,,,,,,,,,,,,,,,,,,,,,,,,,,
1299,2004-07-23,,,,,,,,,,,,,,,,,,,,,,,,,,,,,,
1300,2004-07-24,,,,,,,,,,,,,,,,,,,,,,,,,,,,,,
1301,2004-07-25,,,,,,,,,,,,,,,,,,,,,,,,,,,,,,
1302,2004-07-26,,,,,,,,,,,,,,,,,,,,,,,,1.0,,,,,,
1303,2004-07-27,,,,,,,,,,,,,,,,,,,,,,,,,,,,,,
1304,2004-07-28,,1.0,,,,,,,,,,,,,,,,,,,,,,,,,,,,
1305,2004-07-29,,1.0,,,,,,,,,,,,,,,,,,,,,,,,,,,,
1306,2004-07-30,,,,,,,,,,,,,,,,,,,,,,,,,,,,,,
1307,2004-07-31,,1.0,,,,,,,,,,,,,,,,,,,,,,,,,,,,
1308,2004-08-01,,1.0,,,,,,,,,,,,,,,,,,,,,,,,,,,,
1309,2004-08-02,,,,,,,,,,,,,,,,,,,,,,,,,,,,,,
1310,2004-08-03,,,,,,,,,,,,,,,,,,,,,,,,,,,,,,
1311,2004-08-04,,,,,,,,,,,,,,,,,,,,,1.0,,,,,,,,,
1312,2004-08-05,,,,,,,,,,,,,,,,,,,,,,,,,,,,,,
1313,2004-08-06,,,,,,,,,,,,,,,,,,,,,,,,,,,,,,
1314,2004-08-07,,,,,,,,,,,,,,,,,,,,,,,,,,,,,,
1315,2004-08-08,,,,,,,,,,,,,,1.0,,,,,,,,,,,,,,,,
1316,2004-08-09,,,,,,,,,,,,,,,,,,,,,,,,,,,,,,
1317,2004-08-10,,,,,,,,,,,,,,,,,,,,,,,,,,,,,,
1318,2004-08-11,,,,,,,,,,,,,,,,,,,,,,,,,,,,,,
1319,2004-08-12,,,,,,,,,,,,,,,,,,,,,,,,,,,,,,
1320,2004-08-13,,,,,,,,,,,,,,,,,,,,,,,,,,,,,,
1321,2004-08-14,,,,,,,,,,,,,,,,,,,,,,,,,,,,,,
1322,2004-08-15,,,,,,,,,,,,,,,,,,,,,,,,,,,,,,
1323,2004-08-16,,,,,,,,,,,,,,,,,,,,,,,,,,,,,,
1324,2004-08-17,,,,,,,,,,,,,,,,,,,,,,,,,,,,,,
1325,2004-08-18,,,,,,,,,,,,,,,,,,,,,,,,,,,,,,
1326,2004-08-19,,,,,,,,,,,,,,,,,,,,,,,,,,,,,,
1327,2004-08-20,,,,,,,,1.0,,,,,,,,,,,,,,,,,,,,,,
1328,2004-08-21,,,,,,,,,,,,,,,,,,,,,,,,,,,,,,
1329,2004-08-22,,,,,,,,,,,,,,,,,,,,,,,,,,,,,,
1330,2004-08-23,,,,,,,,,,,,,,,,,,,,,,,,,,,,,,
1331,2004-08-24,,2.0,,,,,,,,,,,,,,,,,,,,,,,,,,,,
1332,2004-08-25,,,,,,,,,,,,,,,,,,,,,,,,,,,,,,
1333,2004-08-26,,,,,,,,,,,,,,,,,,,,,,,,,,,,,,
1334,2004-08-27,,,,,,,,,,,,,,1.0,,,,,,,,,,,,,,,,
1335,2004-08-28,,,,,,,,,,,,,,,,,,,,,,,,,,,,,,
1336,2004-08-29,,,,,,,,,,,,,,,,,,,,,,,,,,,,,,
1337,2004-08-30,,,,,,,,,,,,,,,,,,,,,,,,,,,,,,
1338,2004-08-31,,,,,,,,,,,,,,,,,,,,,,,,,,,,,,
1339,2004-09-01,,,,,,,,,,,,,,,,,,,,,,,,,,,,,,
1340,2004-09-02,,1.0,,,,,,,,,,,,,,,,,,,,,,,,,,,,
1341,2004-09-03,,,,,,,,,,,,,,,,,,,,,,,,,,,,,,
1342,2004-09-04,,1.0,,,,,,,,,,,,,,,,,,,,,,,,,,,,
1343,2004-09-05,,,,,,,,,,,,,,,,,,,,,,,,,,,,,,
1344,2004-09-06,,,,,,,,,,,,,,,,,,,,,,,,,,,,,,
1345,2004-09-07,,,,1.0,,,,,,,,,,,,,,,,,,,,,,,,,,
1346,2004-09-08,,,,,,,,,,,,,,,,,,,,,,,,,,,,,,
1347,2004-09-09,,,,,,,,,,,,,,,,,,,,,,,,,,,,,,
1348,2004-09-10,,,,,,,,,,,,,,,,,,,,,,,,,,,,,,
1349,2004-09-11,,,,,,,,,,,,,,,,,,,,,,,,,,,,,,
1350,2004-09-12,,3.0,,,,,,,,,,,,,,,,,,,,,,,,,,,,
1351,2004-09-13,,,,,,,,,,,,,,,,,,,,,,,,,,,,,,
1352,2004-09-14,,2.0,,,,,,,,,,,,,,,,,,,,,,,,,,,,
1353,2004-09-15,,,,,,,,,,,,,,,,,,,,,,,,,,,,,,
1354,2004-09-16,,1.0,,,,,,1.0,,,,,,,,,,,,,,,,,,,,,,
1355,2004-09-17,,,,,,,,,,,,,,,,,,,,,,,,,,,,,,
1356,2004-09-18,,,,,,,,,,,,,,,,,,,,,,,,,,,,,,
1357,2004-09-19,,,,,,,,,,,,,,,,,,,,,,,,,,,,,,
1358,2004-09-20,,,,,,,,,,,,,,,,,,,,,,,,,,,,,,
1359,2004-09-21,,,,,,,,,,,,,,,,,,,,,,,,,,,,,,
1360,2004-09-22,,4.0,,,,,,,,,,,,,,,,,,,,,,,,,,,,
1361,2004-09-23,,,,,,,,,,,,,,,,,,,,,,,,,,,,,,
1362,2004-09-24,,,,,,,,,,,,,,,,,,,,,,,,,,,,,,
1363,2004-09-25,,,,,,,,,,,,,,,,,,,,,,,,,,,,,,
1364,2004-09-26,,,,,,,,,,,,,,,,,,,,,,,,,,,,,,
1365,2004-09-27,,,,,,,,,,,,,,,,,,,,,,,,,,,,,,
1366,2004-09-28,,,,,,,,,,,,,,,,,,,,,,,,,,,,,,
1367,2004-09-29,,,,,,,,,,,,,,,,,,,,,,,,,,,,,,
1368,2004-09-30,,1.0,,,,,,,,,,,,,,,,,,,,,,,,,,,,
1369,2004-10-01,,,,,,,,,,,,,,,,,,,,,,,,,,,,,,
1370,2004-10-02,,,,,,,,,,,,,,,,,,,,,,,,,,,,,,
1371,2004-10-03,,,,,,,,,,,,,,,,,,,,,,,,,,,,,,
1372,2004-10-04,,,,,,,,,,,,,,,,,,,,,,,,,,,,,,
1373,2004-10-05,,,,,,,,,,,,,,,,,,,,,,,,,,,,,,
1374,2004-10-06,,1.0,,,,,,,,,,,,,,,,,,,,,,,,,,,,
1375,2004-10-07,,,,,,,,,,,,,,,,,,,,,,,,,,,,,,
1376,2004-10-08,,,,,,,,,,,,,,,,,,,,,,,,,,,,,,
1377,2004-10-09,,,,,,,,,,,,,,,,,,,,,,,,,,,,,,
1378,2004-10-10,,,,,,,,,,,,,,,,,,,,,,,,,,,,,,
1379,2004-10-11,,2.0,,,,,,,,,,,,,,,,,,,,,,,,,,,,
1380,2004-10-12,,,,,,,,,,,,,,,,,,,,,,,,,,,,,,
1381,2004-10-13,,,,,,,,,,,,,,,,,,,,,,,,,,,,,,
1382,2004-10-14,,1.0,,,,,,,,,,,,,,,,,,,,,,,,,,,,
1383,2004-10-15,,,,,,,,,,,,,,,,,,,,,,,,,,,,,,
1384,2004-10-16,,,,,,,,,,,,,,,,,,,,,,,,,,,,,,
1385,2004-10-17,,,,,,,,,,,,,,,,,,,,,,,,,,,,,,
1386,2004-10-18,,,,,,,,,,,,,,,,,,,,,,,,,,,,,,
1387,2004-10-19,,,,,,,,,,,,,,,,,,,,,,,,,,,,,,
1388,2004-10-20,,,,,,,,,,,,,,,,,,,,,,,,,,,,,,
1389,2004-10-21,,,,,,,,,,,,,,,,,,,,,,,,,,,,,,
1390,2004-10-22,,,,,,,,,,,,,,,,,,,,,,,,,,,,,,
1391,2004-10-23,,,,,,,,,,,,,,,,,,,,,,,,,,,,,,
1392,2004-10-24,,1.0,,,,,,,,,,,,,,,,,,,,,,,,,,,,
1393,2004-10-25,,1.0,,,,,,,,,,,,,,,,,,,,,,,,,,,,
1394,2004-10-26,,,,,,,,,,,,,,,,,,,,,,,,,,,,,,
1395,2004-10-27,,1.0,,,,,,,,,,,,,,,,,,,,,,,,,,,,
1396,2004-10-28,,,,,,,,1.0,,,,,,,,,,,,,,,,,,,,,,
1397,2004-10-29,,,,,,,,,,,,,,,,,,,,,,,,,,,,,,
1398,2004-10-30,1.0,,,,,,,,,,,,,,,,,,,,,,,,,,,,,
1399,2004-10-31,,,,,,,,,,,,,,,,,,,,,,,,,,,,,,
1400,2004-11-01,1.0,,,,,,,1.0,,,,,,,,,,,,,,,,,,,,,,
1401,2004-11-02,,,,,,,,,,,,,,,,,,,,,,,,,,,,,,
1402,2004-11-03,,,,,,,,,,,,,,,,,,,,,,,,,,,,,,
1403,2004-11-04,,,,,,,,,,,,,,,,,,,,,,,,,,,,,,
1404,2004-11-05,,,,,,,,,,,,,,,,,,,,,,,,,,,,,,
1405,2004-11-06,,,,,,,,,,,,,,,,,,,,,,,,,,,,,,
1406,2004-11-07,,,,,,,,,,,,,,,,,,,,,,,,,,,,,,
1407,2004-11-08,,,,,,,,,,,,,,,,,,,,,,,,,,,,,,
1408,2004-11-09,,,,,,,,,,,,,,,,,,,,,,,,,,,,,,
1409,2004-11-10,,,,,,,,,,,,,,,,,,,,,,,,,,,,,,
1410,2004-11-11,,,,,,,1.0,,,,,,,,,,,,,,,,,,,,,,,
1411,2004-11-12,,,,,,,,,,,,,,,,,,,,,,,,,,,,,,
1412,2004-11-13,,,,,,,,,,,,,,,,,,,,,,,,,,,,,,
1413,2004-11-14,,,,,,,,,,,,,,,,,,,,,,,,,,,,,,
1414,2004-11-15,,,,,,,,,,,,,,,,,,,,,,,,,,,,,,
1415,2004-11-16,,,,,,,,,,,,,,,,,,,,,,,,,,,,,,
1416,2004-11-17,,,,,,,,,,,,,,,,,,,,,,,,,,,,,,
1417,2004-11-18,,,,,,,,,,,,,,,,,,,,,,,,,,,,,,
1418,2004-11-19,,,,,,,,,,,,,,,,,,,,,,,,,,,,,,
1419,2004-11-20,,,,,,,,,,,,,,,,,,,,,,,,,,,,,,
1420,2004-11-21,,,,,,,,,,,,,,,,,,,,,,,,,,,,,,
1421,2004-11-22,,,,,,,,,,,,,,,,,,,,,,,,,,,,,,
1422,2004-11-23,,,,,,,,,,,,,,,,,,,,,,,,,,,,,,
1423,2004-11-24,,,,,,,,,,,,,,,,,,,,,,,,,,,,,,
1424,2004-11-25,,,,,,,,,,,,,,,,,,,,,,,,,,,,,,
1425,2004-11-26,,,,,,,,1.0,,,,,,,,,,,,,,,,,,,,,,
1426,2004-11-27,,,,,,,,,,,,,,,,,,,,,,,,,,,,,,
1427,2004-11-28,,,,,,,,,,,,,,,,,,,,,,,,,,,,,,
1428,2004-11-29,,,,,,,,,,,,,,,,,,,,,,,,,,,,,,
1429,2004-11-30,,,,,,,,,,,,,,,,,,,,,,,,,,,,,,
1430,2004-12-01,,,,,,,,,,,,,,,,,,,,,,1.0,,,,,,,,
1431,2004-12-02,,,,,,,,,,,,,,,,,,,,,,,,,,,,,,
1432,2004-12-03,,1.0,,,,,,,,,,,,,,,,,,,,,,,,,,,,
1433,2004-12-04,,,,,,,,,,,,,,,,,,,,,,,,,,,,,,
1434,2004-12-05,,,,,,,,,,,,,,,,,,,,,,,,,,,,,,
1435,2004-12-06,,,,,,,,,,,,,,,,,,,,,,,,,,,,,,
1436,2004-12-07,,,,,,,,,,,,,,,,,,,,,,,,,,,,,,
1437,2004-12-08,,,,,,,,,,,,,,,,,,,,,,,,,,,,,,
1438,2004-12-09,,,,,,,,,,,,,,,,,,,,,,,,,,,,,,
1439,2004-12-10,,,,,,,,,,,,,,,,,,,,,,,,,,,,,,
1440,2004-12-11,,,,,,,,,,,,,,,,,,,,,,,,,,,,,,
1441,2004-12-12,,,,,,,,,,,,,,,,,,,,,,,,,,,,,,
1442,2004-12-13,,,,,,,,,,,,,,,,,,,,,,,,,,,,,,
1443,2004-12-14,,1.0,,,,,,,,,,,,,,,,,,,,,,,,,,,,
1444,2004-12-15,,,,,,,,,,,,,,,,1.0,,,,,,,,,,,,,,
1445,2004-12-16,,,,,,,,,,,,,,,,,,,,,,,,,,,,,,
1446,2004-12-17,,,,,,,,,,,,,,,,,,,,,,,,,,,,,,
1447,2004-12-18,,,,,,,,,,,,,,,,,,,,,,,,,,,,,,
1448,2004-12-19,,,,,,,,,,,,,,,,,,,,,,,,,,,,,,
1449,2004-12-20,,1.0,,,,,,,,,,,,,,,,,,,,,,,,,,,,
1450,2004-12-21,,,,,,,,1.0,,,,,,,,,,,,,,,,,,,,,,
1451,2004-12-22,,,,,,,,,,,,,,,,,,,,,,,,,,,,,,
1452,2004-12-23,,,,,,,,,,,,,,,,,,,,,,,,,,,,,,
1453,2004-12-24,,,,,,,,,,,,,,,,,,,,,,,,,,,,,,
1454,2004-12-25,,,,,,,,,,,,,,,,,,,,,,,,,,,,,,
1455,2004-12-26,,,,,,,,,,,,,,,,,,,,,,,,,,,,,,
1456,2004-12-27,,,,,,,,,,,,,,,,,,,,,,,,,,,,,,
1457,2004-12-28,,,,,,,,,,,,,,,,,,,,,,,,,,,,,,
1458,2004-12-29,,,,,,,,,,,,,,,,,,,,,,,,,,,,,,
1459,2004-12-30,,,,,,,,,,,,,,,,,,,,,,,,,,,,,,
1460,2004-12-31,,,,,,,,,,,,,,,,,,,,,,,,,,,,,,
1461,2005-01-01,,,,,,,,,,,,,,,,,,,,,,,,,,,,,,
1462,2005-01-02,,,,,,,,,,,,,,,,,,,,,,,,,,,,,,
1463,2005-01-03,,,,,,,,1.0,,,,,,,,,,,,,,,,,,,,,,
1464,2005-01-04,,1.0,,,,,,,,,,,,,,,,,,,,,,,,,,,,
1465,2005-01-05,,,,,,,,,,,,,,,,,,,,1.0,,,,,,,,,,
1466,2005-01-06,,,,,,,,,,,,,,,,,,,,,,,,,,,,,,
1467,2005-01-07,,,,,,,,,,,,,,,,,,,,,,,,,,,,,,
1468,2005-01-08,,,,,,,,,,,,,,,,,,,,,,,,,,,,,,
1469,2005-01-09,,,,,,,,,,,,,,,,,,,,,,,,,,,,,,
1470,2005-01-10,,1.0,,,,,,,,,,,,,,,,,,,,,,,,,,,,
1471,2005-01-11,,1.0,,,,,,,,,,,,,,,,,,,,,,,,,,,,
1472,2005-01-12,,,,,,,,,,,,,,,,,,,,,,,,,,,,,,
1473,2005-01-13,,,,,,,,,,,,,,,,,,,,,,,,,,,,,,
1474,2005-01-14,,,,,,,,,,,,,,,,,,,,,,,,,,,,,,
1475,2005-01-15,,,,,,,,,,,,,,,,,,,,,,,,,,,,,,
1476,2005-01-16,,,,,,,,,,,,,,,,,,,,,,,,,,,,,,
1477,2005-01-17,,,,,,,,,,,,,,,,,,,,,,,,,,,,,,
1478,2005-01-18,,,,,,,,,,,,,,,1.0,,,,,,,,,,,,,,,
1479,2005-01-19,,,,,,,,,,,,,,,,,,,,,,,,,,,,,,
1480,2005-01-20,,1.0,,,,,,,,,,,,,,,,,,,,,,,,,,,,
1481,2005-01-21,,1.0,,,,,,,,,,,,,,,,,,,,,,,,,,,,
1482,2005-01-22,,,,,,,,,,,,,,,,,,,,,,,,,,,,,,
1483,2005-01-23,,,,,,,,,,,,,,,,,,,,,,,,,,,,,,
1484,2005-01-24,,,,,,,,,,,,,,,,,,,,,,,,,,,,,,
1485,2005-01-25,,,,,,,,1.0,,,,,,,,,,,,,,,,,,,,,,
1486,2005-01-26,,,,,,,,,,,,,,,,,,,,,,,,,,,,,,
1487,2005-01-27,,,,,,,,,,,,,,,,,,,,,,,,,,,,,,
1488,2005-01-28,,,,,,,,,,,,,,,,,,,,,,,,,,,,,,
1489,2005-01-29,,,,,,,,,,,,,,,,,,,,,,,,,,,,,,
1490,2005-01-30,,,,,,,,,,,,,,,,,,,,,,,,,,,,,,
1491,2005-01-31,,,,,,,,,,,,,,,,,,,,,,,,,,,,,,
1492,2005-02-01,,,,,,,,,,,,,,,,,,,,,,,,,,,,,,
1493,2005-02-02,,,,,,,,,,,,,,,,,,,,,,,,,,,,,,1.0
1494,2005-02-03,,,,,,,,,,,,,,,,,,,,,,,,,,,,,,
1495,2005-02-04,,1.0,,,,,,,,,,,,,,,,,,,,,,,,,,,,
1496,2005-02-05,,,,,,,,,,,,,,,,,,,,,,,,,,,,,,
1497,2005-02-06,,,,,,,,,,,,,,,,,,,,,,,,,,,,,,
1498,2005-02-07,,1.0,,,,,,,,,,,,,,,,,,,,,,,,,,,,
1499,2005-02-08,,1.0,,,,,,,,,,,,,,,,,,,,,,,,,,,,
1500,2005-02-09,,,,,,,,,,,1.0,,,,,,,,,,,,,,,,,,,
1501,2005-02-10,,,,,,,,,,,,,,,,,,,,,,,,,,,,,,
1502,2005-02-11,,,,,,,,,,,,,,,,,,,,,,,,,,,,,,
1503,2005-02-12,,1.0,,,,,,,,,,,,,,,,,,,,,,,,,,,,
1504,2005-02-13,,,,,,,,,,,,,,,,,,,,,,,,,,,,,,
1505,2005-02-14,,,,,,,,,,,,,,,,,,,,,,,,,,,,,,
1506,2005-02-15,,,,,,,,,,,,,,,,,,,,,,,,,,,,,,
1507,2005-02-16,,,,,,,,,,,,,,,,,,,,,,,,,,,,,,
1508,2005-02-17,,,,,,,,,,,,,,,,,,,,,,,,,,,,,,
1509,2005-02-18,,,,,,,,,,,,,,,,,,,,,,,,,,,,,,
1510,2005-02-19,,1.0,,,,,,,,,,,,,,,,,,,,,,,,,,,,
1511,2005-02-20,,,,,,,,,,,,,,,,,,,,,,,,,,,,,,
1512,2005-02-21,,,,,,,,,,,,,,,,,,,,,,,,,,,,,,
1513,2005-02-22,,,,,,,,,,,,,,,,,,,,,,,,,,,,,,
1514,2005-02-23,,,,,,,,,,,,,,,,,,,,,,,,,,,,,,
1515,2005-02-24,,,,,,,,,,,,,,,,,,,,,,,,,,,,,,
1516,2005-02-25,,,,,,,,,,,,,,,,,,,,,,,,,,,,,,
1517,2005-02-26,,,,,,,,,,,,,,,,,,,,,,,,,,,,,,
1518,2005-02-27,,,,,,,,,,,,,,,,,,,,,,,,,,,,,,
1519,2005-02-28,,,,,,,,,,,,,,,,,,,,,,,,,,,,,,
1520,2005-03-01,,,,,,,,,,,,,,,,,,,,,,,,,,,,,,
1521,2005-03-02,,1.0,,,,,,,,,,,,,,,,,,,,,,,,,,,,
1522,2005-03-03,,1.0,,,,,,,,,,,,,,,,,,,,,,,,,,,,
1523,2005-03-04,,,,,,,,,,,,,,,,,,,,,,,,,,,,,,
1524,2005-03-05,,,,,,,,,,,,,,,,,,,,,,,,,,,,,,
1525,2005-03-06,,,,,,,,,,,,,,,,,,,,,,,,,,,,,,
1526,2005-03-07,,2.0,,,,,,,,,,,,,,,,,,,,,,,,,,,,
1527,2005-03-08,,,,,,,,,,,,,,,,,,,,,,,,,,,,,,
1528,2005-03-09,,,,,,,,,,,,,,,,,,,,,,,,,,,,,,
1529,2005-03-10,,,,,,,,,,,,,,,,,,,,,,,,,,,,,,
1530,2005-03-11,,,,,,,,,,,,,,,,,,,,,,,,,,,,,,
1531,2005-03-12,,,,,,,,,,,,,,,,,,,,,,,,,,,,,,
1532,2005-03-13,,,,,,,,,,,,,,,,,,,,,,,,,,,,,,
1533,2005-03-14,,1.0,,,,,,,,,,,,,,,,,,,,,,,,,,,,
1534,2005-03-15,,,,,,,,,,,,,,,,,,,,,,,,,,,,,,
1535,2005-03-16,,,,,,,,,,,,,,,,,,,,,,,,,,,,,,
1536,2005-03-17,,,,,,,,,,,,,,,,,,,,,,,,,,,,,,
1537,2005-03-18,,,,,,,,,,,,,,,,,,,,,,,,,,,,,,
1538,2005-03-19,,,,,,,,,,,,,,,,,,,,,,,,,,,,,,
1539,2005-03-20,,1.0,,,,,,,,,,,,,,,,,,,,,,,,,,,,
1540,2005-03-21,,,,,,,,,,,,,,,,,,,,,,,,,,,,,,
1541,2005-03-22,,,,,,,,,,,,,,,,,,,,,,,,,,,,,,
1542,2005-03-23,,,,,,,,,,,,,,,,,,,,,,,,,,,,1.0,,
1543,2005-03-24,,,,,,,,,,,,,,1.0,,,,,,,,,,,,,,,,
1544,2005-03-25,,,,,,,,,,,,,,,,,,,,,,,,,,,,,,
1545,2005-03-26,,,,,,,,,,,,,,,,,,,,,,,,,,,,,,
1546,2005-03-27,,,,,,,,,,,,,,,,,,,,,,,,,,,,,,
1547,2005-03-28,,,,,,,,,,,,,,,,,,,,,,,,,,,,,,
1548,2005-03-29,,,,,,,,1.0,,,,,,,,,,,,,,,,,,,,,,
1549,2005-03-30,,,,,,,,,,,,,,,,,,,,,,,,,,,,,,
1550,2005-03-31,,,,,,,,,,,,,,,,,,,,,,,,,,,,,,
1551,2005-04-01,,,,,,,,,,,,,,,,,,,,,,,,,,,,,,
1552,2005-04-02,,,,,,,,,,,,,,,,,,,,,,,,,,,,,,
1553,2005-04-03,,,,,,,,,,,,,,,,,,,,,,,,,,,,,,
1554,2005-04-04,,,,,,,,,,,,,,,,,,,,,,,,,,,,,,
1555,2005-04-05,,,,,,,,,,,,,,,,,,,,,,,,,,,,,,
1556,2005-04-06,,,,,,,,,,,,,,,,,,,,,,,,,,,,,,
1557,2005-04-07,,,,,,,,,,,,,,,,,,,,,,,,,,,,,,
1558,2005-04-08,,,,,,,,,,,,,,,,,,,,,,,,,,,,,,
1559,2005-04-09,,,,,,,,,,,,,,,,,,,,,,,,,,,1.0,,,
1560,2005-04-10,,1.0,,,,,,,,,,,,,,,,,,,,,,,,,,,,
1561,2005-04-11,,,,,,,,,,,,,,,,,,,,,,,,,,,,,,
1562,2005-04-12,,,,,,,,,,,,,,,,,,,,,,,,,,,,,,
1563,2005-04-13,,,,,,1.0,,,,,,,,,,,,,,,,,,,,,,,,
1564,2005-04-14,,1.0,,,,,,,,,,,,,,,,,,,,,,,,,,,,
1565,2005-04-15,,1.0,,,,,,,,,,,,,,,,,,,,,,,,,,,,
1566,2005-04-16,,,,,,,,,,,,,,,,,,,,,,,,,,,,,,
1567,2005-04-17,,,,,,,,,,,,,,,,,,,,,,,,,,,,,,
1568,2005-04-18,,,,,,,,,,,,,,,,,,,,,,,,,,,,,,
1569,2005-04-19,,,,,,,,,,,,,,,,,,,,,,,,,,,,,,
1570,2005-04-20,,,,,,,,,,,,,,,,,,,,,,,,,,,,,,
1571,2005-04-21,,,,,,,,,,,,,,1.0,,,,,,,,,,,,,,,,
1572,2005-04-22,,,,,,,,,,,,,,,,,,,,,,,,,,,,,,
1573,2005-04-23,,1.0,,,,,,,,,,,,,,,,,,,,,,,,,,,,
1574,2005-04-24,,1.0,,,,,,,,,,,,,,,,,,,,,,,,,,,,
1575,2005-04-25,,,,,,,,,,,,,,,,,,,,,,,,,,,,,,
1576,2005-04-26,,,,,,,,,,,,,,,,,,,,,,,,,,,,,,
1577,2005-04-27,,,,,,,,,,,,,,,,,,,,,,,,,,,,,,
1578,2005-04-28,,,,,,,,,,,,,,,,,,,,,,,,,,,,,,
1579,2005-04-29,,,,,,,,,,,,,,,,,,,,,,,,,,,,,,
1580,2005-04-30,,2.0,,,,,,,,,,,,,,,,,,,,,,,,1.0,,,,
1581,2005-05-01,,1.0,,,,,,,,,,,,,,,,,,,,,,,,1.0,,,,
1582,2005-05-02,,1.0,,,,,,,,,,,,,,,,,,,,,,,,,,,,
1583,2005-05-03,,,,,,,,,,,,,,,,,,,,,,,,,,,,,,
1584,2005-05-04,,,,,,,,1.0,,,,,,,,,,,,,,,,,,,,,,
1585,2005-05-05,,,,,,,,,,,,,,,,,,,,,,,,,,,,,,
1586,2005-05-06,,1.0,,,,,,,,,,,,,,,,,,,,,,,,,,,,
1587,2005-05-07,,1.0,,,,,,,,,,,,,,,,,,,,,,,,,,,,
1588,2005-05-08,,,,,,,,,,,,,,,,,,,,,,,,,,,,,,
1589,2005-05-09,,,,,,,,1.0,,,,,,,,,,,,,,,,,,,,,,
1590,2005-05-10,,1.0,,,,,,,,,,,,,,,,,,,,,,,,,,,,
1591,2005-05-11,,,,,,,,1.0,,,,,,,,,,,,,,,,,,,,,,
1592,2005-05-12,,2.0,,,,,,,,,,,,,,,,,,,,,,,,,,,,
1593,2005-05-13,,,,,,,,,,,,,,,,,,,,,,,,,,,,,,
1594,2005-05-14,,,,,,,,,,,,,,,,,,,,,,,,,,,,,,
1595,2005-05-15,,,,,,,,,,1.0,,,,,,,,1.0,,,,,,,,,,,,
1596,2005-05-16,,,,,,,,,,,,,,,,,,,,,,,,,,,,,,
1597,2005-05-17,,,,,,,,1.0,,,,,,,,,,,,,,,,,,,,,,
1598,2005-05-18,,1.0,,,,,,,,,,,,,,,,,,,,,,,,,,,,
1599,2005-05-19,,,,,,,,,,,,,,,,,,,,,,,,,,,,,,
1600,2005-05-20,,,,,,,,,,,,,,,,,,,,,,,,,,,,,,
1601,2005-05-21,,,,,,,,,,,,,,,,,,,,,,,,,,,,,,
1602,2005-05-22,,,,,,,,,,,,,,,,,,,,,,,,,,,,,,
1603,2005-05-23,,1.0,,,,,,1.0,,,,,,,,,,,,,,,,,,,,,,
1604,2005-05-24,,,,,,,,,,,,,,,,,,,,,,,,,,,,,,
1605,2005-05-25,,,,,,,,,,,,,,,,,,,,,,,,,,,,,,
1606,2005-05-26,,,,,,,,,,,,,,,,,,,,,,,,,,,,,,
1607,2005-05-27,,,,,,,,,,,,,,,,,,,,,,,,,,,,,,
1608,2005-05-28,,,,,,,,,,,,,,,,,,,,,,,,,,,,,,
1609,2005-05-29,,1.0,,,,,,1.0,,,,,,,,,,,,,,,,,,,,,,
1610,2005-05-30,,2.0,,,,,,,,,,,,,,,,,,,,,,,,,,,,
1611,2005-05-31,,,,,,,,,,,,,,,,,,,,,,,,,,,,,,
1612,2005-06-01,,,,,,,,,,,,,,,,,,,,,,,,,,,,,,
1613,2005-06-02,,,,,,,,,,,,,,,,,,,,,,,,,,,,,,
1614,2005-06-03,,,,,,,,,,,,,,,,,,,,,,,,,,,,,,
1615,2005-06-04,,,,,,,,,,,,,,,,,,,,,,,,,,,,,,
1616,2005-06-05,,,,,,,,,,,,,,,,,,,,,,,,,,,,,,
1617,2005-06-06,,,,,,,,,,,,,,,,,,,,,,,,,,,,,,
1618,2005-06-07,,,,,,,,,,,,,,,,,,,,,,,,,,,,,,
1619,2005-06-08,,,,,,,,,,,,,,,,,,,,,,,,,,,,,,
1620,2005-06-09,,,,,,,,,,,,,,,,,,,,,,,,,,,,,,
1621,2005-06-10,,,,,,,,,,,,,,,,,,,,,,,,,,,,,,
1622,2005-06-11,,1.0,,,,,,,,,,,,,,,,,,,,,,,,,,,,
1623,2005-06-12,,,,,,,,,,,,,,,,,,,,,,,,,,,,,,
1624,2005-06-13,,1.0,,,,,,,,,,,,,,,,,,,,,,,,,,,,
1625,2005-06-14,,,,,,1.0,,,,,,,,,,,,,,,,,,,,,,,,
1626,2005-06-15,,,,,,,,,,,,,,,,,,,,,,,,,,,,,,
1627,2005-06-16,,,,,,,,,,,,,,,,,,,,,,,,,,,,,,
1628,2005-06-17,,,,,,,,1.0,,,,,,,,,,,,,,,,,,,,,,
1629,2005-06-18,,,,,,,,,,,,,,,,,,,,,,,,,,,,,,
1630,2005-06-19,,1.0,,,,,,,,,,,,,,,,,,,,,,,,,,,,
1631,2005-06-20,,,,,,,,,,,,,,,,,,,,,,,,,,,,,,
1632,2005-06-21,,,,,,,,,,,,,,,,,,,,,,,,,,,,,,
1633,2005-06-22,,,,,,,,,,,,,,,,,,,,,,,,,,,,,,
1634,2005-06-23,,,,,,,,,,,,,,,,,,,,,,,,,,,,,,
1635,2005-06-24,,,,,,,,,,,,,,,,,,,,,,,,,,,,,,
1636,2005-06-25,,,,,,,,,,,,,,,,,,,,,,,,,,,,,,
1637,2005-06-26,,,,,,,,,,,,,,,,,,,,,,,,,,,,,,
1638,2005-06-27,,,,,,,,,,,,,,,,,,,,,,,,,,,,,,
1639,2005-06-28,,,,,,,,,,,,,,,,,,,,,,,,,,,,,,
1640,2005-06-29,,,,,,,,,,,,,,,,,,,,,,,,,,,,,,
1641,2005-06-30,,,,,,,,,,,,,,,,,,,,,,,,,,,,,,
1642,2005-07-01,,2.0,,,,,,,,,,,,,,,,,,,,,,,,,,,,
1643,2005-07-02,,4.0,,,,,,,,,,,,,,,,,,,,,,,,,,,,
1644,2005-07-03,,,,,,,,,,,,,,,,,,,,,,,,,,,,,,
1645,2005-07-04,,,,,,,,,,,,,,,,,,,,,,,,,,,,,,
1646,2005-07-05,,2.0,,,,,,,,,,,,,,,,,,,,,,,,,,,,
1647,2005-07-06,,,,,,,,,,,,,,,,,,,,,,,,,,,,,,
1648,2005-07-07,,1.0,,,,,,,,,,,,,,,,,,,,,,,,,,,,
1649,2005-07-08,,,,,,,,,,,,,,,,,,,,,,,,,,,,,,
1650,2005-07-09,,,,,,,,,,,,,,,,,,,,,,,,,,,,,,
1651,2005-07-10,,1.0,,,,,,,,,,,,,,,,,,,,,,,,,,,,
1652,2005-07-11,,2.0,,,,,,,,,,,,,,,,,,,,,,,,,,,,
1653,2005-07-12,,,,,,,,,,,,,,,,,,,,,,,,,,,,,,
1654,2005-07-13,,,,,,,,,,,,,,,,,,,,,,,,,,,,,,
1655,2005-07-14,,1.0,,,,,,,,,,,,,,,,,,,,,,,,,,,,
1656,2005-07-15,,,,,,,,,,,,,,,,,,,,,,,,,,,,,,
1657,2005-07-16,,1.0,,,,,,,,,,,1.0,,,,,,,,,,,,,,,,,
1658,2005-07-17,,,,,,,,,,,,,,,,,,,,,,,,,,,,,,
1659,2005-07-18,,,,,,,,,,,,,,,,,,,,,,,,,,,,,,
1660,2005-07-19,,1.0,,,,,,,,,,,,,,,,,,,,,,,,,,,,
1661,2005-07-20,,,,,,,,,,,,,,,,,,,,,,,,,,,,,,
1662,2005-07-21,,1.0,,,,,,,,,,,,,,,,,,,,,,,,,,,,
1663,2005-07-22,,,,,,,,,,,,,,,,,,,,,,,,,,,,,,
1664,2005-07-23,,,,,,,,,,,,,,,,,,,,,,,,,,,,,,
1665,2005-07-24,,,,,,,,,,,,,,,,,,,,,,,,,,,,,,
1666,2005-07-25,,,,,,,,,,,,,,,,,,,,,,,,,,,,,,
1667,2005-07-26,,,,,,,,,,,,,,,,,,,,,,,,,,,,,,
1668,2005-07-27,,,,,,,,,,,,,,,,,,,,,,,,,,,,,,
1669,2005-07-28,,,,,,,,,,,,,,,,,,,,,,,,,,,,,,
1670,2005-07-29,,1.0,,,,,,,,,,,,,,,,,,,,,,,,,,,,
1671,2005-07-30,,,,,,,,,,,,,1.0,,,,,,,,,,,,,,,,,
1672,2005-07-31,,,,,,,,,,,,,,,,,,,,,,,,,,,,,,
1673,2005-08-01,,,,,,,,,,,,,,,,,,,,,,,,,,,,,,
1674,2005-08-02,,,,,,,,,,,,,,,,,,,,,,,,,,,,,,
1675,2005-08-03,,,,,,,,,,,,,,,,,,,,,,,,,,,,,,
1676,2005-08-04,,,,,,,,,,,,,,,,,,,,,,,,,,,,,,
1677,2005-08-05,,,,,,,,,,,,,,,,,,,,,,,,,,,,,,
1678,2005-08-06,,,,,,,,,,,,,,,,,,,,,,,,,,,,,,
1679,2005-08-07,,,,,,,,,,,,,,,,,,,,,,,,,,,,,,
1680,2005-08-08,,,,,,,,,,,,,,,,,,,,,,,,,,,,,1.0,
1681,2005-08-09,,,,,,,,,,,,,,,,,,,,,,,,,,,,,,
1682,2005-08-10,,,,,,,,,,,,,,,,,,,,,,,,,,,,,,
1683,2005-08-11,,,,,,,,,,,,,,,,,,,,,,,,,,,,,,
1684,2005-08-12,,,,,,,,,,,,,,,,,,,,,,,,,,,,,,
1685,2005-08-13,,,,,,,,,,,,,,,,,,,,,,,,,,,,,,
1686,2005-08-14,,,,,,,,,,,,,,,,,,,,,,,,,,,,,,
1687,2005-08-15,,,,,,,,,,,,,,,,,,,,,,,,,,,,,,
1688,2005-08-16,,,,,,,,,,,,,,,,,,,,,,,,,,,,,,
1689,2005-08-17,,,,,,,,,,,,,,,,,,,,,,,,,,,,,,
1690,2005-08-18,,,,,,,,,,,,,,,,,,,,,,,,,,,,,,
1691,2005-08-19,,,,,,,,,,,,,,,,,,,,,,,,,,,,,,
1692,2005-08-20,,,,,,,,,,,,,,,,,,,,,,,,,,,,,,
1693,2005-08-21,,,,,,,,,,,,,,,,,,,,,,,,,,,,,,
1694,2005-08-22,,,,,,,,,,,,,,,,,,,,,,,,,,,,,,
1695,2005-08-23,,1.0,,,,,,,,,,,,,,,,,,,,,,,,,,,,
1696,2005-08-24,,,,,,,,,,,,,,,,,,,,,,,,,,,,,,
1697,2005-08-25,,,,,,,,,,,,,,,,,,,,,,,,,,,,,,
1698,2005-08-26,,,,,,,,,,,,,,,,,,,,,,,,,,,,,,
1699,2005-08-27,,,,,,,,,,,,,,,,,,,,,,,,,,,,,,
1700,2005-08-28,,,,,,,,,,,,,,,,,,,,,,,,,,,,,,
1701,2005-08-29,,,,,,,,,,,,,,,,,,,,,,,,,,,,,,
1702,2005-08-30,,,,,,,,,,,,,,,,,,,,,,,,,,,,,,
1703,2005-08-31,,,,,,,,,,,,,,,,,1.0,,,,,,,,,,,,,
1704,2005-09-01,,,,,,,,,,,,,,,,,,,,,,,,,,,,,,
1705,2005-09-02,,,,,,,,,,,,,,,,,,,,,,,,,,,,,,
1706,2005-09-03,,,,,,,,,,,,,,,,,,,,,,,,,,,,,,
1707,2005-09-04,,,,,,,,,,,,,,,,,,,,,,,,,,,,,,
1708,2005-09-05,,,,,,,,,,,,,,,,,,,,,,,,,,,,,,
1709,2005-09-06,,,,,,,,,,,,,,,,,,,,,,,,,,,,,,
1710,2005-09-07,,,,,,,,,,,,,,,,,,,,,,,,,,,,,,
1711,2005-09-08,,,,,,,,,,,,,,,,,,,,,,,,,,,,,,
1712,2005-09-09,,,,,,,,,,,,,,,,,,,,,,,,,,,,,,
1713,2005-09-10,,,,,,,,,,,,,,,,,,,,,,,,,,,,,,
1714,2005-09-11,,,,,,,,,,,,,,,,,,,,,,,,,,,,,,
1715,2005-09-12,,,,,,,,,,,,,,,,,,,,,,,,,,,,,,
1716,2005-09-13,,,,,,,,,,,,,,,,,,,,,,,,,,,,,,
1717,2005-09-14,,1.0,,,,,,,,,,,,,,,,,,,,,,,,,,,,
1718,2005-09-15,,,,,,,,,,,,,,,,,,,,,,,,,,,,,,
1719,2005-09-16,,1.0,,,,,,,,,,,,,,,,,,,,,,,,,,,,
1720,2005-09-17,,1.0,,,,,,,,,,,,,,,,,,,,,,,,,,,,
1721,2005-09-18,,,,,,,,,,,,,,,,,,,,,,,,,,,,,,
1722,2005-09-19,,,,,,,,,,,,,,,,,,,,,,,,,,,,,,
1723,2005-09-20,,,,,,,,,,,,,,,,,,,,,,,,,,,,,,
1724,2005-09-21,,,,,,,,,,,,,,,,,,,,,,,,,,,,,,
1725,2005-09-22,,,,,,,,,,,,,,,,,,,,,,,,,,,,,,
1726,2005-09-23,,,,,,,,,,,,,,,,,,,,,,,,,,,,,,
1727,2005-09-24,,,,,,,,,,,,,,,,,,,,,,,,,,,,,,
1728,2005-09-25,,1.0,,,,,,,,,,,,,,,,,,,,,,,,,,,,
1729,2005-09-26,,,,,,,,,,,,,,,,,,,,,,,,,,,,,,
1730,2005-09-27,,,,,,,,,,,,,,,,,,,,,,,,,,,,,,
1731,2005-09-28,,1.0,,,,,,,,,,,,,,,,,,,,,,,,,,,,
1732,2005-09-29,,,,,,,,,,,,,,,,,,,,,,,,,,,,,,
1733,2005-09-30,,,,,,,,,,,,,,,,,,,,,,,,,,,,,,
1734,2005-10-01,,1.0,,,,,,,,,,,,,,,,,,,,,,,,,,,,
1735,2005-10-02,,,,,,,,,,,,,,,,,,,,,,,,,,,,,,
1736,2005-10-03,,,,,,,,,,,,,,,,,,,,,,,,,,,,,,
1737,2005-10-04,,,,,,,,,,,,,,,,,,,,,,,,,,,,,,
1738,2005-10-05,,,,,,,,,,,,,,,,,,,,,,,,,,,,,,
1739,2005-10-06,,,,,,,,,,,,,,,,,,,,,,,,,,,,,,
1740,2005-10-07,,,,,,,,,,,,,,,,,,,,,,,,,,,,,,
1741,2005-10-08,,,,,,,,,,,,,,,,,,,,,,,,,,,,,,
1742,2005-10-09,,,,,,,,,,,,,,,,,,,,,,,,,,,,,,
1743,2005-10-10,,,,,,,,,,,,,,,,,,,,,,,,,,,,,,
1744,2005-10-11,,,,,,,,,,,,,,,,,,,,,,,,,,,,,,
1745,2005-10-12,,,,,,,,,,,,,,,,,,,,,,,,,,,,,,
1746,2005-10-13,,,,,,,,,,,,,,,,,,,,,,,,,,,,,,
1747,2005-10-14,,,,,,,,,,,,,,,,,,,,,,,,,,,,,,
1748,2005-10-15,,,,,,,,,,,,,,,,,,,,,,,,,,,,,,
1749,2005-10-16,,,,,,,,,,,,,,,,,,,,,,,,,,,,,,
1750,2005-10-17,,,,,,,,,,,,,,,,,,,,,,,,,,,,,,
1751,2005-10-18,,,,,,,,,,,,,,,,,,,,,,,,,,,,,,
1752,2005-10-19,,,,,,,,,,,,,,,,,,,,,,,,,,,,,,
1753,2005-10-20,,,,,,,,,,,,,,,,,,,,,,,,,,,,,,
1754,2005-10-21,,,,,,,,,,,,,,,,,,,,,,,,,,,,,,
1755,2005-10-22,,,,,,,,,,,,,,,,,,,,,,,,,,,,,,
1756,2005-10-23,,,,,,,,,,,,,,,,,,,,,,,,,,,,,,
1757,2005-10-24,,,,,,,,,,,,,,,,,,,,,,,,,,,,,,
1758,2005-10-25,,,,,,,,,,,,,,,,,,,,,,,,,,,,,,
1759,2005-10-26,,,,,,,,,,,,,,,,,,,,,,,,,,,,,,
1760,2005-10-27,,,,,,,,,,,,,,,,,,,,,,,,,,,,,,
1761,2005-10-28,,,,,,,,,,,,,,,,,,,,,,,,,,,,,,
1762,2005-10-29,,,,,,,,,,,,,,,,,,,,,,,,,,,,,,
1763,2005-10-30,,,,,,,,,,,,,,,,,,,,,,,,,,,,,,
1764,2005-10-31,,,,,,,,,,,,,,,,,,,,,,,,,,,,,,
1765,2005-11-01,,,,,,,,,,,,,,,,,,,,,,,,,,,,,,
1766,2005-11-02,,,,,,,,,,,,,,,,,,,,,,,,,,,,,,
1767,2005-11-03,,,,,,,,,,,,,,,,,,,,,,,,,,,,,,
1768,2005-11-04,,,,,,,,,,,,,,,,,,,,,,,,,,,,,,
1769,2005-11-05,,,,,,,,,,,,,,,,,,,,,,,,,,,,,,
1770,2005-11-06,,,,,,,,,,,,,,,,,,,,,,,,,,,,,,
1771,2005-11-07,,,,,,,,,,,,,,,,,,,,,,,,,,,,,,
1772,2005-11-08,,,,,,,,,,,,,,,,,,,,,,,,,,,,,,
1773,2005-11-09,,,,,,,,,,,,,,,,,,,,,,,,,,,,,,
1774,2005-11-10,,1.0,,,,,,,,,,,,,,,,,,,,,,,,,,,,
1775,2005-11-11,,,,,,,,,,,,,,,,,,,,,,,,,,,,,,
1776,2005-11-12,,,,,,,,,,,,,,,,,,,,,,,,,,,,,,
1777,2005-11-13,,,,,,,,,,,,,,,,,,,,,,,,,,,,,,
1778,2005-11-14,,,,,,,,,,,,,,,,,,,,,,,,,,,,,,
1779,2005-11-15,,,,,,,,,,,,,,,,,,,,,,,,,,,,,,
1780,2005-11-16,,,,,,,,,,,,,,,,,,,,,,,,,,,,,,
1781,2005-11-17,,,,,,,,,,,,,,,,,,,,,,,,,,,,,,
1782,2005-11-18,,,,,,,,,,,,,,,,,,,,,,,,,,,,,,
1783,2005-11-19,,,,,,,,,,,,,,,,,,,,,,,,,,,,,,
1784,2005-11-20,,,,,,,,,,,,,,,,,,,,,,,,,,,,,,
1785,2005-11-21,,,,,,,,,,,,,,,,,,,,,,,,,,,,,,
1786,2005-11-22,,,,,,,,,,,,,,,,,,,,,,,,,,,,,,
1787,2005-11-23,,,,,,,,,,,,,,,,,,,,,,,,,,,,,,
1788,2005-11-24,,,,,,,,,,,,,,,,,,,,,,,,,,,,,,
1789,2005-11-25,,,,,,,,,,,,,,,,,,,,,,,,,,,,,,
1790,2005-11-26,,,,,,,,,,,,,,,,,,,,,,,,,,,,,,
1791,2005-11-27,,,,,,,,,,,,,,,,,,,,,,,,,,,,,,
1792,2005-11-28,,,,,,,,,,,,,,,,,,,,,,,,,,,,,,
1793,2005-11-29,,,,,,,,,,,,,,,,,,,,,,,,,,,,,,
1794,2005-11-30,,,,,,,,,,,,,,,,,,,,,,,,,,,,,,
1795,2005-12-01,,,,,,,,,,,,,,,,,,,,,,,,,,,,,,
1796,2005-12-02,,,,,,,,,,,,,,,,,,,,,,,,,,,,,,
1797,2005-12-03,,,,,,,,,,,,,,,,,,,,,,,,,,,,,,
1798,2005-12-04,,,,,,,,,,,,,,,,,,,,,,,,,,,,,,
1799,2005-12-05,,,,,,,,,,,,,,,,,,,,,,,,,,,,,,
1800,2005-12-06,,1.0,,,,,,,,,,,,,,,,,,,,,,,,,,,,
1801,2005-12-07,,,,,,,,,,,,,,,,,,,,,,,,,,,,,,
1802,2005-12-08,,,,,,,,,,,,,,,,,,,,,,,,,,,,,,
1803,2005-12-09,,,,,,,,,,,,,,,,,,,,,,,,,,,,,,
1804,2005-12-10,,,,,,,,,,,,,,,,,,,,,,,,,,,,,,
1805,2005-12-11,,,,,,,,,,,,,,,,,,,,,,,,,,,,,,
1806,2005-12-12,,,,,,,,,,,,,,,,,,,,,,,,,,,,,,
1807,2005-12-13,,,,,,,,,,,,,,,,,,,,,,,,,,,,,,
1808,2005-12-14,,,,,,,,,,,,,,,,,,,,,,,,,,,,,,
1809,2005-12-15,,,,,,,,,,,,,,,,,,,,,,,,,,,,,,
1810,2005-12-16,,,,,,,,,,,,,,,,,,,,,,,,,,,,,,
1811,2005-12-17,,,,,,,,,,,,,,,,,,,,,,,,,,,,,,
1812,2005-12-18,,,,,,,,,,,,,,,,,,,,,,,,,,,,,,
1813,2005-12-19,,,,,,,,,,,,,,,,,,,,,,,,,,,,,,
1814,2005-12-20,,,,,,,,,,,,,,,,,,,,,,,,,,,,,,
1815,2005-12-21,,,,,,,,,,,,,,,,,,,,,,,,,,,,,,
1816,2005-12-22,,,,,,,,,,,,,,,,,,,,,,,,,,,,,,
1817,2005-12-23,,,,,,,,,,,,,,,,,,,,,,,,,,,,,,
1818,2005-12-24,,,,,,,,,,,,,,,,,,,,,,,,,,,,,,
1819,2005-12-25,,,,,,,,,,,,,,,,,,,,,,,,,,,,,,
1820,2005-12-26,,,,,,,,,,,,,,,,,,,,,,,,,,,,,,
1821,2005-12-27,,,,,,,,,,,,,,,,,,,,,,,,,,,,,,
1822,2005-12-28,,,,,,,,,,,,,,,,,,,,,,,,,,,,,,
1823,2005-12-29,,1.0,,,,,,,,,,,,,,,,,,,,,,,,,,,,
1824,2005-12-30,,,,,,,,,,,,,,,,,,,,,,,,,,,,,,
1825,2005-12-31,,,,,,,,,,,,,,,,,,,,,,,,,,,,,,
